1463226746.73156    0.363852839579701 -0.00467008197504489     1.13362518686796 -0.00656910735785163 0.000880608618263845 0.00122947937923106 0.999977279610611
1463226747.06205   0.450130599623929 -0.0979262845249264    1.10386230041341 0.0479879970227264 0.0465240532150691 0.0493631876325525 0.996541991248207
1463226747.20652  0.505628861944372 -0.115612397477549   1.09317882847996 0.0731378009540428 0.0728751402738834 0.0630679546704447 0.992654274707642
1463226747.3466  0.565549687875229 -0.110980852716546   1.08929256848194 0.0809763892493459 0.0936865384938421 0.0727443164976701 0.989633225648001
1463226747.49137   0.626936790929025 -0.0926041408547194    1.08773434627771 0.0794984084939001 0.114520319882906 0.0850835851762078 0.986572796561114
1463226747.63139   0.685971855502316 -0.0718705608260082    1.08356382945429 0.0721778752967339 0.129783702847654 0.0859810065879936 0.985166895149708
1463226747.82077    0.75075850953264 -0.0413220591709795    1.07915118982082 0.0632622841572927 0.144453158130477 0.0823636218266274 0.984046443166649
1463226748.05819     0.8092990796968 0.00681020510561323    1.07637777892629 0.0537719140940309 0.156913160259382 0.0613227329786667 0.984238976982778
1463226748.20009  0.836164499645823 0.0450191157442516   1.08392473204338 0.01867963777581 0.168324837674563 0.0649202462159876 0.983414043923338
1463226748.3898  0.858292889325967 0.0953401231864021   1.11055373360779 -0.0170048637342875 0.172170016201626 0.0686339092882607 0.982526186229314
1463226748.57945 0.873755339536303 0.140933837891904  1.15155987965269 -0.0473673965235626 0.185781188783915 0.0810131576528691 0.978099457073628
1463226748.76907 0.890092219106953 0.167158686039271  1.20706649142317 -0.0614946814449205 0.210665589516354 0.0767742265770987 0.972596592468431
1463226748.95884 0.90433015515498 0.18627739374782 1.26712874440328 -0.0797000363786246 0.234046355776567 0.0756942908385139 0.965992019575425
1463226749.19603 0.900768784059773 0.202394477194126  1.33364531339112 -0.104377752165441 0.238896775455604 0.0822084535583778 0.96191235863427
1463226749.43298  0.88123654105933 0.218444768387062  1.38752957703433 -0.124713848959542 0.229390810581273 0.0783043244313619 0.962130315848072
1463226749.67013 0.853132934486009 0.234068081213051  1.42370898653162 -0.134290330242453 0.21661678262882 0.0738085593985155 0.96415536779423
1463226749.95483 0.816352005389284 0.235728389748684  1.44794644034294 -0.144409796387107 0.214450646320306 0.0671214399594984 0.963665628368056
1463226750.19179 0.787732747500242 0.207152163358172  1.45461541337922 -0.130239939363535 0.207902132169627 0.0626830406829639 0.967411545333548
1463226750.42889 0.782383694534447 0.160133299276967  1.45282027527605 -0.100644620966762 0.204539473863092 0.0691264043550265 0.971213572868096
1463226750.6185 0.807661930760699 0.137266638293038  1.44396101047421 -0.0738935032601356 0.221997337823629 0.0947804464436915 0.967612318620996
1463226750.81018 0.849023112282956 0.135616330736138  1.44026716368095 -0.0590106590814643 0.233723827496913 0.108220616100788 0.964457989145059
1463226750.95042 0.886954955085571 0.145854239897788  1.43718398601293 -0.0627726270989436 0.251505801695097 0.121806306262301 0.95810628468638
1463226751.09276 0.926806815913482 0.158543331823916  1.43413439511668 -0.0613754099456567 0.265363453377767 0.130068082384607 0.953361206789021
1463226751.23553 0.964765179258157 0.177067174161334  1.42734776339472 -0.0663946324892585 0.274402976115393 0.137445575504673 0.949422705252945
1463226751.37734 0.999466280109809 0.196744892866257  1.41833495283524 -0.0712887245633066 0.277103192348285 0.129601820148734 0.949386700325353
1463226751.51971  1.03331331642885 0.219488864862248  1.40990462688058 -0.0842039798491524 0.276169588837612 0.121586337548268 0.949661418875394
1463226751.66189  1.07092428968609 0.246039450798457  1.39897187362468 -0.108614364521527 0.2722322357976 0.121896249773126 0.948279407086051
1463226751.80489 1.11656291585808  0.2702438374323 1.38397794801557 -0.123964894650959 0.273094195538055 0.119018702408186 0.946512975999099
1463226751.94635  1.16635826131464 0.287695922305248  1.36636579993619 -0.126780408522458 0.272376279816587 0.110068090864342 0.947429630939224
1463226752.08848  1.21819106298074 0.302819545770673   1.3485150389221 -0.135195213162867 0.277898624575418 0.101268333483648 0.945642286189858
1463226752.23072  1.26937261582761 0.311654901369391  1.33229030847368 -0.141426002664091 0.283095209104284 0.0938332804763444 0.943955032736044
1463226752.37295 1.31207915001804 0.31424035758834 1.31923746287038 -0.151883026237688 0.283299665759343 0.0898628085598728 0.942654507950425
1463226752.56289  1.35206999578685 0.298782154724594  1.30686996845886 -0.152394127968525 0.279882088615339 0.0792192745865759 0.944545580036774
1463226752.79989  1.36533125323487 0.255957033033188  1.30335147649041 -0.132081211776148 0.289506421935825 0.0852939190601135 0.944174524399503
1463226752.98947  1.35199431993087 0.212125430397994  1.30635754838637 -0.113132378752048 0.302985720554673 0.0822248333651498 0.942676930234289
1463226753.18099  1.32325069644354 0.173347830491819  1.31184479255114 -0.0869132541191706 0.310126940891131 0.0829858103117766 0.943069839449244
1463226753.36879  1.27925568877931 0.145326966340239  1.32188659147504 -0.0751782402616516 0.302810149300365 0.096510846346091 0.945166600240092
1463226753.55852  1.22134127216937 0.124451930977071   1.3370202159789 -0.063126838127694 0.293651435255958 0.0955323753428994 0.949029716153008
1463226753.70076  1.17230887853297 0.115125840588887  1.35165167511656 -0.0516991712967555 0.285089388588307 0.0986740033292749 0.952005607792595
1463226753.84334  1.12300554600086 0.114233050075377   1.3670345477248 -0.0451304940410634 0.278900931951477 0.0991479526781624 0.954121162192693
1463226753.98523  1.07462420227219 0.121666464564896  1.38096493890745 -0.0507180767051331 0.272560579506934 0.0990989676660375 0.955676619888601
1463226754.12765  1.02662827830255 0.133135596194532  1.39725790320886 -0.054273964717509 0.268171285528204 0.104816447126674 0.956112969676562
1463226754.31717 0.966534948996744 0.149680619647795  1.41599749411144 -0.0606068348967308 0.264768836582987 0.113074856011476 0.955739688239573
1463226754.50695 0.909283825500876 0.162659947643902  1.43061088492651 -0.0680225676214068 0.257525293796921 0.117003832997772 0.956746443114805
1463226754.69658 0.858087091314267 0.173430058210859  1.43990781512607 -0.0688889127328331 0.239394906400478 0.100564043344992 0.963239985506261
1463226754.88628 0.808399040989863 0.192094322089753   1.4396951889698 -0.0838364011769969 0.220088792875639 0.0872871894056677 0.96794283284391
1463226755.02978 0.766113380690321 0.206972313872183  1.43640701662221 -0.101976303989384 0.201184238955201 0.0804553952049288 0.970903015137506
1463226755.17076 0.722283549737074 0.214622014000195   1.4354231144061 -0.119006163201417 0.181482180443001 0.0745743348099998 0.973314142448047
1463226755.36052 0.664547994536133 0.215912832951508  1.44163229046492 -0.131580998174591 0.164692827552575 0.0666833550950286 0.975251784733248
1463226755.50364 0.618060669991909 0.210375145627589  1.44952384080952 -0.140152385624035 0.147585377738974 0.0652904393301495 0.976889463354791
1463226755.64555 0.574123066135155 0.199256484013375    1.455006147679 -0.143112607868889 0.134280878945428 0.0744504017243722 0.977724176187583
1463226755.83471 0.531216760567133 0.171770188038281  1.45663831707321 -0.130847493294602 0.118687246938057 0.0831181010146474 0.980756673286755
1463226756.02729 0.507690017242162 0.122664718133629  1.44994461757604 -0.0997758691982895 0.114341565796155 0.0996591680254819 0.983381326081332
1463226756.21396  0.505550417692944 0.0724268232306833    1.4374875839072 -0.069985200439309 0.112272896405874 0.0950623330801944 0.9866407762106
1463226756.40462  0.531700202868996 0.0377891054971935   1.41415034233496 -0.0459048488249789 0.114876214390933 0.0880800119833491 0.988401796695341
1463226756.54787  0.571129014803379 0.0290963330760189   1.39545560452077 -0.0246882941048822 0.135270416602095 0.101653183766916 0.985271045325364
1463226756.6894  0.621241374471014 0.0342032062801326   1.37994415046187 0.00467383413513447 0.162840915496147 0.0992452830090726 0.981637084321545
1463226756.83036  0.672237744778006 0.0543496764370387   1.36785393914185 0.00391005341374675 0.182822256600264 0.0919951500292401 0.978824614701217
1463226756.97463 0.718149039882084 0.082415025667745  1.35848496333001 -0.00162254482886958 0.199158419302119 0.0870496574123474 0.976092028711306
1463226757.11488 0.755421683538487 0.116972590267904  1.35104899385358 -0.0168032031152967 0.213490307824129 0.0821497994902947 0.973340100516736
1463226757.25859  0.78834124774065 0.153958491760645  1.34582283846482 -0.0306444963963663 0.224716494354746 0.0757982226454331 0.970988177811306
1463226757.4469  0.81506633990949 0.197514204506581  1.34614441683196 -0.0392820927063703 0.223927920387419 0.0764262820360579 0.970810088059307
1463226757.68791 0.834376504025602 0.235103946220702  1.33818362235089 -0.0662272140946614 0.202642089500925 0.0695175510663071 0.974534478492014
1463226758.01586  0.86466087546035 0.248135480310173  1.28792975503563 -0.0637760185967483 0.187811849968702 0.0646089157498046 0.978000519666997
1463226758.25461  0.90115888471878 0.255014390238578  1.22547701466106 -0.0531443818000797 0.177845457632654 0.0514346805564436 0.981275262868975
1463226758.44275  0.93562667950501 0.266477560309459  1.15837311811372 -0.0544124873918619 0.161416243381371 0.0359575964765498 0.984728962123135
1463226758.63232 0.976163445336788 0.275891661815552  1.09229631860469 -0.0580190993735048 0.167347871012351 0.0307944556451853 0.983707362825468
1463226758.77464  1.01814756462829 0.283325136882164  1.05037697420896 -0.0644555105040122 0.192249891005488 0.0426377596130437 0.978298261282941
1463226758.91697  1.07070060882124 0.292106413563734  1.01979886153587 -0.0703606586317349 0.213302710991897 0.0499066846456278 0.973170413662529
1463226759.05928  1.13744460052381 0.301168881863468 0.996685060575673 -0.0626914876829471 0.237814046916289 0.054405166795448 0.967757373667261
1463226759.1541  1.19198232257242 0.307628632366102 0.983066775034981 -0.0570820345734274 0.253926284066104 0.0501574655063085 0.964234054700062
1463226759.25075  1.25481872066373 0.311346913495316  0.96782434169826 -0.0423478631944 0.271611216261514 0.0495282153659344 0.96019839698183
1463226759.34553  1.32270003766776 0.310127549898265 0.950155772879971 -0.0281197207517732 0.28969450184263 0.0483251834208455 0.95548472177965
1463226759.43848  1.38904168587558 0.306691784606598 0.928377773553521 -0.023277943343578 0.301296224470153 0.0425991955091232 0.95229408851242
1463226759.53327  1.45459567126705 0.299020502673743 0.902062410407153 -0.0103889090513097 0.319709720276096 0.0360340704703868 0.946773104336535
1463226759.62808   1.5189579171195 0.291801963281889 0.871227170284705 0.000202968356301625 0.345209755278314 0.0366930190867811 0.937807979287247
1463226759.72303  1.58595073994853 0.290797325403058 0.837347884719597 0.0135209141971941 0.377507513605948 0.0433814744610462 0.924890971803657
1463226759.82002  1.65480313573771 0.297947110250602 0.799419693989295 0.0311337606428024 0.402754405287793 0.0490356290947206 0.913463236834848
1463226759.91277  1.72109829019577 0.311410781839309 0.757700540519626 0.0406814137114288 0.423889444839241 0.0488377401264758 0.903480844440909
1463226760.00784  1.78436176656969 0.322289080455678 0.712684093977196 0.0506507574080154 0.436610405345212 0.0434106863957488 0.897174100732368
1463226760.10231  1.84355779218988 0.328499188334329 0.667111843892985 0.0363813289851517 0.442950649775797 0.0360306893495486 0.895082627576622
1463226760.19741  1.89861290927681 0.329501802742305 0.618380523592631 0.0419599288610443 0.446670236256017 0.0342231648688465 0.893058698742322
1463226760.29487  1.94936975124089 0.333824484219693 0.565310784086848 0.0433198556120086 0.458061080296405 0.0295927624154012 0.887371233047404
1463226760.38703   2.0007217984695 0.344844166675639 0.510983117823698 0.0408252223623314 0.486402939655128 0.0293507659879077 0.872286658186309
1463226760.48165  2.05227409781449 0.365485355468648 0.460104199510102 0.0416216526798961 0.505318884778248 0.0356143529957778 0.861192243680442
1463226760.57655  2.10613528197123 0.387836888831665 0.412347478383465 0.0380858806020953 0.524059842027098 0.0338847112275812 0.850154441274243
1463226760.67138  2.16113500560222 0.405475393926624 0.368946022551759 0.0350041401439073 0.536075559094727 0.0295431210791882 0.842926396022192
1463226760.81359  2.23757644701579  0.41374864442012 0.302166391189572 0.0271644964630882 0.558963831540927 0.0223435122661625 0.82844570891556
1463226760.90855  2.27900319559031 0.419688470028213  0.25708190165502 0.0350525602623511 0.581663905553987 0.0394417324860581 0.81171594091359
1463226761.05071  2.34164519123999 0.439714832409563  0.18977501497515 0.04032510009249 0.585776096836161 0.0301029987062661 0.808909179170823
1463226761.14556  2.38887020046068 0.458956849072251 0.143335101694266 0.0511179545662704 0.5720623049875 0.00268443464996223 0.81861130443206
1463226761.28789   2.45637247754886  0.486095358242548 0.0656488253988001 0.0577376717375494 0.551376814548347 -0.0205101579910382 0.832003186929009
1463226761.38261   2.49754675657654  0.493673574380263 0.0145726940811387 0.0509178277987749 0.509521629183175 -0.026880809689922 0.858529269318869
1463226761.525    2.56302353883179   0.498686531507706 -0.0556362010130658 0.0403594686927249 0.470109235397529 -0.0285756143908798 0.881221796339023
1463226761.66715   2.63345242090955  0.516773492959998 -0.117134804426324 0.0550955469402557 0.444636383232308 -0.0346065480090946 0.893345036505123
1463226761.80963   2.71335321962793  0.551705818896928 -0.173413409834954 0.0610630489168662 0.417162527382417 -0.0497286104068028 0.905413604443792
1463226761.95174   2.79874593119932  0.575844047730849 -0.236270650943271 0.0426233567849264 0.393029498890456 -0.0774865217595424 0.915263296218039
1463226762.09399   2.87940220595977  0.575770359581267 -0.305200647481754 0.0552839977068691 0.380638970794399 -0.0881622126825625 0.918849866825393
1463226762.23627  2.95974513940796   0.5814353798383 -0.37102972582565 0.077065516851508 0.375775308180727 -0.0835111398414163 0.919717192073997
1463226762.33108   3.01236577446243  0.597352106650273 -0.415456011786504 0.109182105714691 0.359036606506128 -0.0891338682818335 0.922619713915428
1463226762.42743   3.06769288746687  0.620385696364069 -0.463956442748698 0.12275332848997 0.324868019514004 -0.0745964387461655 0.934787548894438
1463226762.5683   3.14813496710932  0.639325041069545 -0.549276739101992 0.154447528953301 0.305586036105439 -0.0761170930329567 0.936466402753349
1463226762.71044   3.23022049041213  0.647234027658196 -0.625743861834698 0.135113262227451 0.279289769262006 -0.0736512171758126 0.947795932342165
1463226762.85267   3.31922808367899  0.659209698257859 -0.692666744066015 0.157920848104992 0.270008930925856 -0.0707250005118914 0.947182219668776
1463226762.99492   3.41719077999002  0.697371324624029 -0.753799305053072 0.15357441890311 0.263429310127708 -0.0700498388199222 0.9497962499955
1463226763.13767   3.51829046161162  0.716772343695198 -0.819908944134268 0.124230283170292 0.257897707848231 -0.0515448131789977 0.956764726181103
1463226763.27955   3.61919078768834  0.719541284820179 -0.896314592449809 0.132618379711078 0.273685039938524 -0.057063570283808 0.950921980618348
1463226763.46928   3.7428766620397  0.74955886050006 -1.00305801197677 0.132751458847769 0.266994198671572 -0.0896028262477465 0.950295996823059
1463226763.61142  3.82231700197042 0.779119553206891  -1.0906812387987 0.106685273881181 0.243184292626781 -0.0960921825459523 0.959294503585872
1463226763.80347  3.93091766316044 0.792775254124737 -1.20223850344724 0.118282176958839 0.239988222304439 -0.0756543064062693 0.960568272269712
1463226763.99074   4.0486517341178 0.837617736610129 -1.29750376481517 0.110424749952432 0.227606084935717 -0.0800044138128122 0.964158253850812
1463226764.13413  4.15446063658113 0.866296620226254 -1.36796022562921 0.112503175909231 0.218042021473921 -0.101380140358229 0.964117617006788
1463226764.32525  4.29065197360246 0.869429335554369 -1.46587778540913 0.107419105034903 0.210492620871376 -0.0753691543473063 0.968748410582011
1463226764.46546  4.39051002994155 0.875189842429163 -1.53442747616605 0.140970870457993 0.206824069233118 -0.0752696959445803 0.965238566853076
1463226764.60737  4.48909124617558 0.908013846394921 -1.60202868062468 0.153610683466086 0.186277865759486 -0.0851919446925003 0.966667806028877
1463226764.74957  4.58804901230136 0.927061123634796 -1.67780995345093 0.160347870021449 0.16452423970414 -0.107139770410568 0.967337275579583
1463226764.93972  4.71776668374381 0.930394181415649 -1.76893108864051 0.161856500383224 0.15108957053588 -0.0950744216075469 0.970533497265792
1463226765.12899   4.8561378913827 0.964029393946712 -1.84388678656207 0.158189896713244 0.146811330401167 -0.103875104413554 0.970892554573762
1463226765.27108  4.97422969569363 0.999949189373932 -1.89925098961405 0.125672504545177 0.163892286271758 -0.111666955118023 0.97204744289393
1463226765.41443  5.09369253806286  1.01135983988306 -1.95933409576342 0.0995733074583406 0.187445183573515 -0.0967388780936849 0.972415060075724
1463226765.55558  5.20068677628022  1.01775089481613 -2.02134637076332 0.0907281573339696 0.217502819371086 -0.0721090095395175 0.969154897720504
1463226765.69779 5.31186590690128 1.04272636277046  -2.076280748519 0.101358418051913 0.232985034391148 -0.0717383499801079 0.964519597510543
1463226765.84124 5.42528771930893 1.06327463789593 -2.1360353107152 0.115931252477714 0.227657084528829 -0.0888918567745683 0.962720330294293
1463226765.98468  5.53541227823752  1.06298459232061 -2.20163518869767 0.112355171256041 0.230967416108409 -0.0976346784273506 0.961508105923512
1463226766.17202  5.67117405578952  1.07397838863911 -2.26850949824974 0.108578501581266 0.21925824112954 -0.0905838142749524 0.965365788332355
1463226766.36188  5.82044998040759  1.11602976284171 -2.31662442642983 0.0953945329642278 0.213326519575571 -0.112158363042784 0.965822023317895
1463226766.55141  5.97523504669153  1.12777935774604 -2.37942940879228 0.0886572548618824 0.21824583738952 -0.113290585317865 0.965232556900583
1463226766.7411  6.11505113308643  1.12621429371404 -2.44761386718119 0.0953616447690494 0.235485912188404 -0.106941844916851 0.961257501231339
1463226766.93114  6.25279447631398  1.16242533563456 -2.50920550848868 0.0974586631503185 0.217039260839217 -0.11691382137522 0.964223483743661
1463226767.07297   6.3535862807131  1.17418581600891 -2.57148834410755 0.113146058947841 0.19651464475583 -0.148899067110681 0.96250144496236
1463226767.26268    6.486153215432  1.18229303233538 -2.64630311919556 0.110029353758485 0.190603454904739 -0.130492458414682 0.966713805935738
1463226767.45241  6.62678641625432  1.22269121035925 -2.70394668125987 0.0929173868094335 0.195550137417052 -0.121463613909703 0.968696595163146
1463226767.59462  6.74269110130509  1.25126348593882 -2.74833491623981 0.092820276394373 0.199965282088896 -0.142922627173303 0.964868594623673
1463226767.73862  6.85855266714912  1.24592821106631 -2.79748327562002 0.128850919359783 0.215008523155322 -0.153960616267713 0.955753579218604
1463226767.92669  6.99726235712793  1.24102388051909 -2.84478641941978 0.157341186971665 0.212805819462949 -0.119269445136306 0.956938991546445
1463226768.06909  7.09968612428897  1.25408088787422 -2.85878586851119 0.18858618424566 0.180229244289257 -0.105200704692932 0.959627783229881
1463226768.21103  7.19335372547333  1.25693540609149 -2.87163792838461 0.221086006277222 0.127036022062459 -0.107002394683599 0.961006407085254
1463226768.35594  7.27260206991726  1.25190418976691 -2.88380326706458 0.227805997522821 0.0712275935453919 -0.10260363380327 0.965662234811287
1463226768.4968  7.34313025901232  1.25439809286402 -2.89770622896402 0.209167816641219 0.00833697266156035 -0.09728201421985 0.972993077610378
1463226768.63786  7.42612724200422  1.27109734748672 -2.91953271442433 0.214793794229959 -0.0321591706227332 -0.10776376357969 0.970163071325793
1463226768.82969  7.56305485140468  1.29060546232166 -2.96523698852573 0.223735124419948 -0.0613990541850319 -0.118738707730539 0.965439728586127
1463226769.01802 7.71942615888548 1.28987640635461 -3.0235806659757 0.212296136445995 -0.0446437015572412 -0.10717155423405 0.970284261608128
1463226769.20685 7.88132295861916 1.31188959082245 -3.0856908184754 0.219376262475036 -0.0236498460286657 -0.110256475835727 0.969101774728325
1463226769.3968  8.03642535246574   1.3428446106834 -3.15996671378058 0.224554424996972 -0.0424112319399332 -0.117171608695546 0.966461283102078
1463226769.63372  8.20522481449359  1.33819089289458 -3.24718841291928 0.238801368003875 -0.0654695221702727 -0.111285022382781 0.962446513890272
1463226769.87068  8.39869145556499  1.38492706504067 -3.31407787924782 0.236992846681175 -0.0505558274937206 -0.118000298529249 0.962992434277334
1463226770.15663  8.63414777725257  1.40834014345989 -3.39544709540525 0.227753989016468 -0.0581777794731325 -0.121778754505211 0.964320175778679
1463226770.39238  8.83004329279045  1.41950148953717 -3.47951405527974 0.251726419214214 -0.0362467371409323 -0.125604081664237 0.958928359464621
1463226770.67926  9.05466485923854  1.45768651902566 -3.59200338164516 0.247303636005345 -0.0512969614733073 -0.134520791651064 0.958182493043842
1463226771.05617  9.33377695781435  1.49770418705019 -3.70964054126048 0.241946371042129 -0.0517603917191533 -0.134543877890293 0.959521109882876
1463226771.38809 9.60421558366153 1.50926670736248 -3.8068314019064 0.239317716902394 -0.0558188460271466 -0.146907035253151 0.958138617214625
1463226771.67485  9.82579150179788  1.53149994110739 -3.90672224934326 0.27936096718701 -0.0521906329868189 -0.164055287902726 0.944626619544425
1463226771.95718  10.0354750622191  1.54386329704301 -4.02474414964874 0.295511705575986 -0.0756096616850823 -0.164488604652512 0.938029589014605
1463226772.2417  10.2528056632385  1.58939562087568 -4.11694734974986 0.300430087630474 -0.090207642171842 -0.141358997472603 0.938947270922965
1463226772.5262  10.5040693446646   1.6305094842182 -4.20045659590732 0.27397863195445 -0.0736443597187858 -0.144049053346378 0.948030636500736
1463226772.71623  10.6769429555146  1.62691550163405 -4.27023026617819 0.291390144908138 -0.0360851135327594 -0.145441162344643 0.944794430724262
1463226773.00049  10.9311221456223   1.6760661817446 -4.38926430631626 0.28362214535419 -0.00992368811929851 -0.153233381975606 0.94656195239779
1463226773.28479  11.1621839675667  1.70095791498667 -4.48753243874352 0.249151061065922 0.0107581530184113 -0.135924380466555 0.958818321533407
1463226773.52421  11.3748367306304  1.76396248615015 -4.55356176695743 0.232264714638074 0.0438737171679082 -0.138031667829957 0.961808431004867
1463226773.80982    11.61795395361  1.77885485163467 -4.63191444759916 0.212132035409044 0.0550134999717073 -0.116211741245311 0.968745758995007
1463226773.99668  11.7814556426967  1.80158153746087 -4.68395571628179 0.216981485942011 0.0857861386167735 -0.113563656557616 0.965744826074095
1463226774.2807  12.0076541675915  1.82579818181795 -4.77495860952279 0.224640274145812 0.0838063383120522 -0.121326086549485 0.963220237335682
1463226774.56776   12.225182508484  1.85627927013799 -4.84367407103933 0.222264943192734 0.0990058837574029 -0.118791708407295 0.962644617718617
1463226774.80232 12.4371555982257 1.88930142621819 -4.8881858897476 0.209028873743279 0.11517118666257 -0.128293259740839 0.962592004542642
1463226774.99214  12.6062360788399  1.88309902516172 -4.93105871924443 0.205122321958645 0.132846078099981 -0.110123154309716 0.963405233249553
1463226775.18169  12.7721239655848  1.90758756377738 -4.97479897789599 0.21180678457151 0.149339600476316 -0.119832183304496 0.958371440300435
1463226775.41926  12.9650557217318  1.92538321995627 -5.04244639562173 0.223472000969039 0.137334245992158 -0.125433371655429 0.956799894928825
1463226775.65889  13.1508448698689  1.94021894852944 -5.09345713965883 0.206450531006516 0.116734278911534 -0.113152400641647 0.964856373043762
1463226775.84545   13.324519243234  1.97976150742045 -5.12398603925168 0.199907345121221 0.128506096540543 -0.123430159341125 0.963477157115581
1463226776.03518  13.4994021629542  1.99077057959062 -5.16020609982187 0.191135653302307 0.137207180697949 -0.114344495673409 0.965177024131229
1463226776.22485  13.6648591945698     1.98714559061 -5.20015191517541 0.194368057103755 0.150630191434987 -0.103556521782611 0.963746673458466
1463226776.41648  13.8316706978457  2.01810461923083 -5.24149758182919 0.207478521326726 0.165847466077302 -0.123342515153424 0.956155795432649
1463226776.65184  14.0286072482415  2.03253854071019 -5.30231574384328 0.198965631014558 0.15869176617324 -0.110211633691956 0.960772083702866
1463226776.84153  14.1819521451889  2.04417151733584 -5.33903518387086 0.191344084125434 0.140624730346357 -0.103410715767146 0.965876985205538
1463226777.03095 14.3475910543506 2.07705353873188 -5.3643944805622 0.188567869210547 0.14383589341078 -0.120909590134591 0.963916109151415
1463226777.22118  14.5227602341465  2.08137302419068 -5.39637334129269 0.178689016740895 0.148887966236329 -0.120599674804493 0.965069079000686
1463226777.41032  14.6931602451932  2.08349949495535 -5.43489906697189 0.178314625696079 0.15686469796044 -0.113686241958875 0.964713843160714
1463226777.59997  14.8636547666109  2.11646421959194 -5.47341609646919 0.180287558411356 0.16392254642458 -0.125565651549196 0.961695930222635
1463226777.78981   15.021719852486  2.12832589864147 -5.51837162716843 0.165319336106653 0.149067008326103 -0.110934854612735 0.968577308308435
1463226778.02676  15.2077617308527  2.14292890866895 -5.56018291657904 0.160613552034931 0.139952500899342 -0.105826691878498 0.971296708365057
1463226778.2165  15.3741229006501  2.17553159737184 -5.57907960034915 0.163960755214677 0.129217696516861 -0.121981879131995 0.970329881442253
1463226778.40623  15.5390367357517  2.17521139827945 -5.60918382305342 0.145297943404517 0.1276101060183 -0.11711744021087 0.974108655994222
1463226778.59602  15.6957353352781   2.1720958343776 -5.64767008440458 0.162580014264518 0.136340124953842 -0.111026177676616 0.970902825806909
1463226778.7855  15.8530898319683  2.19519350032417 -5.68693276779117 0.176570145225193 0.138449353211 -0.126694756454958 0.966231441786816
1463226778.97527 15.9946155885273 2.19176524721746 -5.7288771294781 0.184401615010063 0.116898024125597 -0.128449084913562 0.967383961476559
1463226779.16544  16.1352101198237  2.20464123820954 -5.75933662936421 0.174423158076445 0.0995446935401874 -0.112307366890622 0.973167237044448
1463226779.35653  16.3044319237765  2.24119316632052 -5.77587802254946 0.159925389669947 0.102769075255775 -0.134699979783251 0.97248048944767
1463226779.54482  16.4786770557467  2.23721483629828 -5.79625633164828 0.168309064485113 0.108513302634949 -0.128109463127394 0.971331502331008
1463226779.73409  16.6497286910186  2.22876114494847 -5.83067897296766 0.176509671605013 0.128334099703769 -0.112090784671506 0.969438162378003
1463226779.87633  16.7812269466544  2.25263521473758 -5.86029979467381 0.181016370513579 0.153385872781427 -0.117253667061666 0.96434300183999
1463226780.06631  16.9401566667292  2.27012418665897 -5.90160774282116 0.178685292296848 0.138574049802709 -0.110437383371835 0.967818362809907
1463226780.25589  17.0857452590731  2.26579691417146 -5.94500226403023 0.169570474286123 0.142594418066993 -0.096014582353398 0.970409133387572
1463226780.44578  17.2369922830832  2.28655959199684 -5.97219660028035 0.176112306986124 0.146630703785086 -0.105451688397378 0.967658944799074
1463226780.6348  17.4115905386833  2.31284310177955 -5.99610393397059 0.160595172452833 0.153122485372659 -0.116238802878271 0.96811736672966
1463226780.77725  17.5396120603604  2.30267657598112 -6.02604208427129 0.159758508964668 0.171265540907011 -0.111532093016376 0.965767014107751
1463226780.97023  17.7075101292294  2.31061277805489 -6.06859802399116 0.1606808062685 0.188255598758415 -0.114589821233649 0.962086628585314
1463226781.15675  17.8759786094874  2.33965412045827 -6.11421930569634 0.18272715867284 0.203379833291133 -0.123040334423414 0.953996071794217
1463226781.34629   18.027967307806  2.34576944454138 -6.16584925081331 0.17102868162 0.204956721812798 -0.114244840766946 0.956916949690625
1463226781.53584  18.1756365804807  2.36539218116388 -6.20238148274068 0.155934580153921 0.192803223754623 -0.0985582514994096 0.963741456347824
1463226781.72553   18.344546748919  2.40325518082067 -6.23021458681019 0.146336693525669 0.203849967782299 -0.12134993177188 0.960367094824729
1463226781.91553  18.5193493138914  2.40380295947243 -6.26462552201952 0.157911334524345 0.222442979249758 -0.109114298745883 0.955864635406304
1463226782.06034  18.6434000456753  2.39732098351521 -6.30379405417151 0.155223524974701 0.243377306649057 -0.0969085633243653 0.952513450958613
1463226782.19973  18.7695727366872  2.41869003831577 -6.33966898730004 0.158949625053114 0.260812813317536 -0.095316252502757 0.947431530567617
1463226782.38942  18.9291201049025  2.44772901777307 -6.39562852737439 0.161884535105853 0.258727445086697 -0.0970623116876324 0.947329094930756
1463226782.57904  19.0742104896076  2.45090664734519 -6.44878874123625 0.142096426160323 0.255608893041269 -0.0932844087466369 0.951719873994166
1463226782.76887  19.2268310133567  2.48354322812365 -6.48757428147852 0.128119510944582 0.259551003045592 -0.0799625949929731 0.953847289211087
1463226782.91114  19.3548758269981  2.51348620794457 -6.51580766923668 0.125508140297196 0.271226601261493 -0.0898701075038693 0.95005642004279
1463226783.05343  19.4862093944736   2.5266702955656 -6.54630314030394 0.113812790761768 0.280358910492728 -0.0757657526526606 0.950107931074846
1463226783.19545  19.6101294306438  2.52425476675486 -6.59269734871949 0.115431036971917 0.31070026206987 -0.0583346587946632 0.941667717635373
1463226783.33772  19.7320297739528  2.53303989731041 -6.64310131011746 0.133026331160612 0.343694264799318 -0.0640715974169285 0.927401249711497
1463226783.48172  19.8532704345015   2.5522084510091 -6.69509430046061 0.148671706625284 0.360962228741463 -0.084389406214587 0.916777738162239
1463226783.66965  19.9993095569371  2.55997291787191 -6.76599634334703 0.159678180574867 0.362665442813284 -0.0954769616201245 0.913159791623095
1463226783.85944  20.1357506240917  2.57422644065505 -6.83124172609124 0.135250489805328 0.364505198099282 -0.0809877542076836 0.917760453078263
1463226784.04907  20.2936312538045  2.61872016760454 -6.89240665077249 0.12496045098021 0.379582401008113 -0.0971184773960213 0.91152075559694
1463226784.24163  20.4576424558877  2.64457542707321 -6.96187322338517 0.116687675658623 0.401067971874378 -0.0938815835602166 0.903722698926052
1463226784.38139  20.5699428640334  2.64717452451628 -7.02401397193579 0.107343847005005 0.422428892113084 -0.0759524178353296 0.896806757246646
1463226784.57097  20.7085049592115  2.67530042982494 -7.09772868725906 0.110965577640902 0.439465645024523 -0.0772337252858303 0.888026767108106
1463226784.76079  20.8525806406039  2.71017536743656 -7.17228763412029 0.115042789668042 0.436853662244438 -0.0832789351654297 0.888250332556498
1463226784.90273  20.9536943043542  2.72181172756289 -7.23595568700807 0.0970540806529784 0.43909019977039 -0.0691432742808509 0.890505199039246
1463226785.04511  21.0519143308608  2.73456081363978 -7.30339537296807 0.0949430994920715 0.462702142779978 -0.0511930085197702 0.879927162215345
1463226785.18808  21.1584651560253  2.76956575090784 -7.36627014394596 0.0912033276255736 0.483881747272786 -0.0502646201267685 0.868915344351663
1463226785.32991  21.2750610026858  2.80539184335722 -7.43281049241113 0.0727927437214908 0.500323694491626 -0.0546345533543743 0.861041510481066
1463226785.47186  21.3850388698993  2.81296199498611 -7.51015150080283 0.0647790109590599 0.526248423733323 -0.0467522865472141 0.84656984352147
1463226785.61385  21.4805413279357  2.81185109132145 -7.59515107209458 0.080063733289776 0.554927132107734 -0.0400362252574743 0.827068786334923
1463226785.75626  21.5707692058115  2.84423040594595 -7.67675087366189 0.0813961226573029 0.57264779508906 -0.0480654572693228 0.814333399667167
1463226785.94885  21.6850260845898  2.89417250034966 -7.79452826975192 0.0757056160197702 0.572717591157985 -0.0444757211283696 0.815036889172124
1463226786.08815  21.7616756325166  2.90965225304298 -7.89284186056181 0.05808758123222 0.584283942033779 -0.0297600259088779 0.808920545446808
1463226786.27906  21.8636274008132  2.94370737692792 -8.01851857900741 0.0613346182933972 0.602515831084686 -0.0125509545694974 0.795647667897373
1463226786.4202  21.9497936740022  2.98884810446423 -8.11413492946709 0.0585908352026764 0.622986256338203 -0.0183461956944371 0.779819630137319
1463226786.56227  22.0359881624976  3.01177585082799 -8.22644176803039 0.0434444506297378 0.646276823147378 -0.0269334346233328 0.761389149956449
1463226786.65975  22.0886113700965  3.01580876301491 -8.30708357054534 0.0471943918162658 0.669600553283368 -0.0196185618304191 0.740960795491507
1463226786.80017  22.1554531061035  3.02741379032992 -8.42715712379196 0.0535756844397798 0.701099766367457 -0.0105083344381957 0.710969998342857
1463226786.94285  22.2142005504124  3.07271854596273 -8.54053782922711 0.0553767043919387 0.723444233430889 -0.0126719044899572 0.688041629963535
1463226787.08937   22.265006781687  3.11519040554229 -8.66313363831147 0.0583519354799353 0.742204244238273 -0.0204286643721645 0.66731595300308
1463226787.22611 22.3108842848182 3.13222070458059   -8.78392998939 0.0496639467682818 0.754116795784165 -0.024821858222503 0.654389200752888
1463226787.4177  22.3697820890887  3.15764900023633 -8.93091884747393 0.0365775344517729 0.76251333823085 -0.00816659062539411 0.645886057901107
1463226787.60555  22.4416535179864  3.22715481031513 -9.08390083418048 0.0129209832831565 0.780742316260297 -0.0152474502231127 0.624533425088838
1463226787.74783  22.4920531774469  3.25683546876292 -9.20611840478126 0.00397868292085172 0.793571150776838 -0.00576216112791314 0.608437175258117
1463226787.84266  22.5186161780019  3.26101140735862 -9.29587659250642 0.0154537935788364 0.81656857131331 0.00458228346034845 0.577023354194309
1463226787.938  22.5355038307404  3.26519294007034 -9.38533346683722 0.0203539138926158 0.84013362651439 0.0123729951109571 0.541856177210351
1463226788.07986 22.5539613688674 3.29689756036664 -9.5136286716315 0.0231905784241918 0.865733858720924 0.00656636811724656 0.499923959964193
1463226788.27126  22.5864216448568  3.36148173177101 -9.67598776992286 0.0155187546206163 0.87310675257054 0.0115150983664081 0.487145942588423
1463226788.41222  22.6040206092825   3.3865691785105 -9.79884358377949 -0.00261509077053043 0.883860863341811 0.0311706813680428 0.466702822121297
1463226788.60155  22.6310098554118  3.42966943793746 -9.95410235251716 -0.0141644054462631 0.886805559508314 0.0628370785845838 0.457631697764103
1463226788.74697   22.654268599635  3.47862117786355 -10.0734621715697 -0.0217536466069348 0.897917988025196 0.0559651876669074 0.436048120520536
1463226788.88591  22.6791331331218  3.51546657744808 -10.2037609336203 -0.0296096804214688 0.910291519792844 0.0435120012515736 0.410608477220887
1463226789.02807  22.6935948094264  3.53007054305616 -10.3373229739959 -0.0315272175820736 0.92568394731211 0.0563174719130554 0.372751400530601
1463226789.17119 22.7027860133338 3.55022558024767 -10.462516208353 -0.0220934485874189 0.935210337724924 0.0617124500881064 0.347972811073038
1463226789.31446 22.7096660214751 3.60144814273392 -10.584061883862 -0.0175689809307548 0.94414387896771 0.0753486154083779 0.320322107998966
1463226789.45681  22.7161043090352  3.65471680822361 -10.7047967966102 -0.0411938684744792 0.942073745185848 0.11360509076414 0.312880180235323
1463226789.5498  22.7191059576493  3.68169013159274 -10.7818381753003 -0.0540588818226662 0.936661348784674 0.154713752128912 0.309526751495168
1463226789.64546 22.7274688511755 3.70535405116977 -10.852227458513 -0.063143653919816 0.922403100275916 0.202560224201374 0.32273015840253
1463226789.73942  22.7361438863017  3.73156905001864 -10.9219261928221 -0.065940135326139 0.911049504169101 0.246750532737403 0.323658576435437
1463226789.83412 22.7432243568322 3.76120471139148 -10.995055650315 -0.0650053982842557 0.906272665481706 0.27511085724127 0.314258126740682
1463226789.929  22.7502843669165  3.78910258507052 -11.0745370365302 -0.0608627076013462 0.912455320338088 0.281452634244221 0.290698183494735
1463226790.02384  22.7587424302258  3.81055580588832 -11.1601678938183 -0.0648703606703601 0.922371853057351 0.265451545239243 0.273052152755008
1463226790.11944  22.7634722457364  3.82472047973116 -11.2414030142706 -0.0641612937357271 0.928430846067609 0.266396500667045 0.250863303192584
1463226790.21358  22.7684771976614  3.83308128382161 -11.3171597733791 -0.0609856878694729 0.929005852289826 0.273695115019477 0.241495044050217
1463226790.30848  22.7678480357796  3.84272222004719 -11.3932035140664 -0.0505668954811654 0.934025728541456 0.283552706093592 0.211274206591813
1463226790.40629   22.769396902693  3.85981720568199 -11.4728135311396 -0.0425489811445546 0.941283097385359 0.276991974840452 0.188284786040112
1463226790.49803  22.7678817088911  3.88441488557675 -11.5527454857981 -0.0254086864115976 0.945910100604072 0.285822421041061 0.151373788550916
1463226790.59473  22.7695452378179  3.90347266192018 -11.6362384708807 -0.0192256579427197 0.951566844789585 0.279283998643398 0.127088009173244
1463226790.68802   22.774570674882  3.91686340004443 -11.7164277267487 -0.0257872455376672 0.951051170387614 0.284757471456526 0.117259847013444
1463226790.78337  22.7834708696794  3.92814573229071 -11.7906999876073 -0.0320763675640724 0.945080760656779 0.301192592761253 0.122786336968138
1463226790.87904  22.7919426291248   3.9380964553831 -11.8606281728177 -0.0350920424478353 0.942134890023078 0.309908239877541 0.122911677289207
1463226790.97228  22.8017815333124  3.96031055362371 -11.9303422173584 -0.0396271083619355 0.936072671502221 0.324837487324429 0.129144309895245
1463226791.06721  22.808143577746 3.99091151250762 -12.002579201864 -0.0300690253774043 0.933597321772694 0.337293943958726 0.117152421487879
1463226791.16212   22.816158822484  4.01865924611053 -12.0797083713602 -0.0312827251628503 0.932281367703056 0.344000452796272 0.107408244637299
1463226791.25687  22.8236147404042  4.03852531314219 -12.1586696441457 -0.0274447458601206 0.933434365902795 0.343545111995005 0.0996184044273933
1463226791.35624  22.8289243746009  4.05187567648863 -12.2324143678724 -0.0206082029266105 0.933615763562031 0.346942775614662 0.086992059691768
1463226791.44681  22.8345843025763  4.06481988200939 -12.3001763815853 -0.0109997201356846 0.929690909744804 0.358275535139657 0.08480836878049
1463226791.54134  22.8366441516404   4.0829586124637 -12.3682809684491 -0.00562950914680645 0.928128624212237 0.363402181123919 0.0805258983125619
1463226791.63621  22.8353265399114  4.10716660865741 -12.4376312293606 0.00200097748371616 0.931738766909908 0.356586569591272 0.0685921621866672
1463226791.73112  22.8320416273482  4.13288224842674 -12.5138061157655 0.00856636049067466 0.935865488111151 0.347134963897027 0.0598307819657261
1463226791.82827  22.8243057629076  4.14919666122104 -12.5951309860606 0.00917220334109335 0.945689101171828 0.321866984662452 0.0446053673338883
1463226791.92068  22.8154641986757  4.15448458269202 -12.6798744772421 0.0165984696231563 0.952984031186173 0.301150654623492 0.0292268768458534
1463226792.01554 22.8102544372935  4.1516856902336  -12.75791906286 0.0127945524239933 0.956344407395267 0.290667806713382 0.0274572397100786
1463226792.11033    22.80665324058  4.15548848538379 -12.8320768182167 0.0260971069861262 0.955897880204481 0.291627318784524 0.0230584163828467
1463226792.20524  22.8024121709872  4.17062758580466 -12.9077288305856 0.0269790510427526 0.954434691675008 0.296756128808837 0.016197226505106
1463226792.30211  22.7948006645893  4.19467583531897 -12.9815688489015 0.0295857115863042 0.952445045087488 0.303270292146533 0.000501656836911283
1463226792.39611  22.7835435649813   4.2155171481394 -13.0563291434522 0.0213252241859827 0.952867897298994 0.301726475918327 -0.0234337116206305
1463226792.4896  22.7688507413343  4.22945440987198 -13.1262569388592 0.0154671139540785 0.951585368076406 0.302355848455389 -0.053169507743104
1463226792.58454  22.7492395958657  4.23405088316652 -13.1947828764508 0.0160299368780782 0.95347645599877 0.287099441764619 -0.0905516400633032
1463226792.6793   22.726157912929  4.23895829662034 -13.2563251809562 0.0189787972607626 0.952893644102373 0.277857392985698 -0.120119846182997
1463226792.7757   22.698869268509  4.24887254305412 -13.3165911765316 0.0140352670873273 0.952539308284384 0.26039678152066 -0.157052200317529
1463226792.87104 22.6686333912653 4.26806230220026 -13.375649741462 0.00865810442961066 0.950235282644112 0.242562238491635 -0.195298503076386
1463226792.96379  22.6378021588567   4.2901787220681 -13.4411338090574 0.00297740988187376 0.945121014077987 0.235124240779257 -0.226834730975155
1463226793.05875  22.6008992038063  4.30277331547066 -13.5066544006516 -0.00523340559713005 0.936217063382544 0.221090606201218 -0.273110171078996
1463226793.15359  22.5697544658038  4.30155628880515 -13.5694950364248 -0.011144552584746 0.930156261758304 0.201928250183936 -0.306447563927595
1463226793.24928  22.5424750742303  4.29614033319831 -13.6258721731961 -0.0206977344850457 0.921053644378053 0.180008612220356 -0.344715371707725
1463226793.39072  22.5029408586861  4.30855514336828 -13.7066810999657 -0.0419154746640639 0.907828387989252 0.16889314086372 -0.381530887234191
1463226793.48558  22.4726076263134  4.32863955245442 -13.7561242727782 -0.0530518045595739 0.891416423132946 0.153934092174208 -0.422926189622185
1463226793.58059  22.4465602229182  4.34443700647937 -13.8108183536898 -0.0885685489978237 0.874046950798102 0.132830766429362 -0.458861119968502
1463226793.67509 22.4250365642939 4.35639793578348 -13.868310367936 -0.111013532416558 0.857511044728035 0.112499691740649 -0.489586175405403
1463226793.76993  22.4030063428135  4.36087310866946 -13.9228252106801 0.104621044723067 -0.835696159416658 -0.0811225158648473 0.532996720024672
1463226793.86496  22.3829820349676   4.3647028680628 -13.9741462740961 0.0828096321984413 -0.81441917435323 -0.0361398372581445 0.573199690704659
1463226793.96189  22.3601136704439  4.37559630165189 -14.0216890137505 0.0608473932839683 -0.790784352433118 0.00967136264717986 0.608986179992639
1463226794.10207  22.3244610101244  4.41306834010707 -14.1100464925929 0.0715107581665392 -0.771411648271495 0.0149560067340933 0.63212862475929
1463226794.24663  22.2837897673687   4.4453694954185 -14.2156584765366 0.0987984656432277 -0.761046413225528 -0.017918332719297 0.640879203481953
1463226794.43618  22.2457306992166   4.4549658521361 -14.3549546209836 0.0994234024505904 -0.749364000361693 -0.0319169294247168 0.653872993495806
1463226794.62357 22.2150241615849 4.48712483225767 -14.488186920763 0.131532939447019 -0.729093106764624 -0.0232832977829432 0.671252721076859
1463226794.71846   22.198615518021  4.51525859375615 -14.5552432896831 0.143229278633433 -0.691206173146697 -0.0399933636490264 0.707191579990939
1463226794.81328  22.1844522671706  4.53097436686077 -14.6297616043412 0.151940092514794 -0.677857980878946 -0.0364685758895211 0.718395997356544
1463226794.95809  22.1622569349134  4.53917537861589 -14.7455551981749 0.147471472858363 -0.668729045378671 0.000656552802712402 0.728733968947746
1463226795.09799  22.1399490927759  4.55486039044201 -14.8522371290613 0.150708555528108 -0.668439141609196 -0.0212787955890481 0.728026962490863
1463226795.28895  22.0988075726645  4.61299540865918 -14.9951491022396 0.179366110298578 -0.667230089874785 -0.0262655957764778 0.722455482448955
1463226795.4309  22.0614833697438  4.64284761994415 -15.1117205051186 0.159274471863198 -0.655976636432703 -0.00887805118557415 0.737731302897121
1463226795.57416  22.0320690536945   4.6473672534071 -15.2389266674613 0.153237076348282 -0.673581944488219 -0.00319858128957184 0.723046009303305
1463226795.7617   21.998527763475  4.68149077027709 -15.3922260009029 0.172037517370037 -0.678773600629816 -0.01160652987089 0.713817049508868
1463226795.95152  21.9612792665603  4.74342849529598 -15.5512923599201 0.16752066150499 -0.676838210564979 -0.00135465760285343 0.716815896580779
1463226796.09356  21.9349634440438  4.76153379877111 -15.6818414462754 0.171036386900763 -0.66852708927749 0.00812506931442998 0.723707170412685
1463226796.23571  21.9111202719814  4.77905404011328 -15.8024692136959 0.165177741495654 -0.677570853195908 -0.0108226591101675 0.71658699587946
1463226796.42738  21.8770300491058   4.8481350779015 -15.9615225145108 0.159759601435559 -0.681788760967029 -0.0242960744287876 0.713477859457142
1463226796.56776  21.8456447134495  4.88903454743394 -16.0942262683628 0.144922529008118 -0.686519300422767 -0.00941289617009697 0.712460601099189
1463226796.71005  21.8217908869045  4.89811903548462 -16.2325305051349 0.132841327671449 -0.700757467055844 0.00434323287177758 0.700908903036754
1463226796.85224  21.8040897092294  4.91473910539755 -16.3622627856825 0.140637483734229 -0.713857136679331 -0.00210024945335613 0.686020900215967
1463226796.9945  21.7819163492728  4.96453222737432 -16.4827811530356 0.143070727235027 -0.705525634930569 -0.00333238348635528 0.694084462212315
1463226797.13889  21.764574040878 5.00462351249061 -16.609069240165 0.155057488413232 -0.686037767995153 0.0147826534296675 0.710697424596985
1463226797.32645  21.7357466002825   5.0371432372981 -16.7774398069563 0.151047490664026 -0.684376772827387 -0.0104419498236607 0.71323492207151
1463226797.46929 21.7119677520046 5.08179707930343 -16.896409689714 0.143797611669348 -0.684236152843852 -0.0407221707696872 0.713782066759484
1463226797.61088  21.6866769341768  5.13323107582232 -17.0211955742455 0.139773361434654 -0.680717220896315 -0.0360407878416607 0.718184192404851
1463226797.7533  21.6633805094718  5.15672709681326 -17.1561946389059 0.139406583388654 -0.688919581779708 -0.016102527168309 0.711123282537682
1463226797.9431    21.63907500352  5.17487275267994 -17.3223081434712 0.14576277563242 -0.693533507654081 -0.0350418068115481 0.704653502635403
1463226798.13343  21.6085013139217  5.22767743793184 -17.4773435381831 0.14856284491648 -0.680244706023434 -0.0262486840063738 0.71729159177098
1463226798.27483 21.5874514903322 5.25744549539008 -17.602843434972 0.143205015419248 -0.670822916962002 -0.00493912254830202 0.72764314241654
1463226798.46457   21.561348983956  5.27452081016819 -17.7615913346299 0.150309156291762 -0.661769669255037 -9.21313159826729e-05 0.73448489017866
1463226798.65422 21.5297497952966 5.33089808864712 -17.913208814193 0.155423003736839 -0.664067615828504 -0.0221387995998185 0.731004627255905
1463226798.7966  21.5006545113463  5.37106345345618 -18.0303402125201 0.152665614866722 -0.657001096276258 0.00598175076364829 0.73824588599393
1463226798.93875  21.4683802534264  5.39148736799703 -18.1604175844753 0.148519192581399 -0.670814723829023 -0.00527329107172288 0.726582306507965
1463226799.12881  21.4374552017977  5.41543148358518 -18.3178930013084 0.16236020388898 -0.679805061985455 -0.0112362121522341 0.715106977611428
1463226799.31821  21.3994757994115  5.47170611294823 -18.4691763927573 0.172584618039836 -0.669017792006877 0.00139390853219355 0.722930010867781
1463226799.50774  21.3576863234294   5.5001554013586 -18.6301145944596 0.178994195271666 -0.652961178805669 0.0174964592944411 0.735728653067092
1463226799.69747 21.3066050713393 5.53330709044948 -18.774392423276 0.173864270868145 -0.645199842094726 -0.0112041734435334 0.743883623676362
1463226799.89297  21.2407789516348  5.59557866953152 -18.9221682983499 0.170505017063445 -0.639435506224277 -0.0018321584257859 0.749697882971134
1463226800.07808  21.1684743104857  5.61805553088633 -19.0811959094366 0.159070742659896 -0.64351821352821 -0.00233127527892863 0.748715815809085
1463226800.26648  21.1125320954961   5.6404917604147 -19.2291399202333 0.167385763955328 -0.645829993865323 -0.0213479752963488 0.744600489524251
1463226800.45609  21.0487866867201  5.69936424917822 -19.3779714180162 0.177614291893138 -0.639284254262319 -0.0173631050932735 0.747975486328991
1463226800.59889  20.9986453336448  5.71220605192455 -19.5006283205027 0.196971905180203 -0.625147794710819 0.0114830845890079 0.755155905827534
1463226800.78808  20.9321507201365  5.73169226917158 -19.6544229281046 0.193953472233265 -0.625916465793309 0.00765897525810621 0.755348905179236
1463226800.97771   20.848169808394   5.7981153330927 -19.7964985423129 0.187810304888292 -0.622926513821726 0.0048836791898703 0.759385276018207
1463226801.12007  20.7725085656882  5.82557036187994 -19.9123804214299 0.169140451537531 -0.626786301819833 0.015942265567624 0.760444793310644
1463226801.3119  20.6850492644019  5.83278203220972 -20.0619285616696 0.182970171339667 -0.622311759745608 0.0227485558065309 0.76074469652504
1463226801.49928  20.5997294776657  5.88417673329434 -20.2017921869955 0.193140137553929 -0.623398260222469 0.00584650456561684 0.757652502669669
1463226801.64165  20.5389386543274   5.9187492527222 -20.3134853815606 0.205485915758808 -0.611155979946919 0.0282434173874253 0.763849602980956
1463226801.83126   20.461412450182  5.93445375457721 -20.4669271031797 0.206116810092938 -0.612265378594932 0.0218489902259841 0.763000385581305
1463226801.97353   20.406607704582   5.9623072411371 -20.5738545014625 0.189765767907662 -0.624720829267152 -0.00250008057239082 0.757434213913861
1463226802.16329   20.329634670768  6.02631482050494 -20.7210042206354 0.18482544638374 -0.637594955166681 0.00178634070639856 0.747869665451093
1463226802.35302  20.2535421430013  6.05168042245839 -20.8825698108807 0.168231923445135 -0.662799905723542 0.00716066460798346 0.729618413822723
1463226802.54318  20.1947648296823  6.07597350543666 -21.0321760911017 0.184758780809045 -0.674226297178276 -0.00911591437117034 0.714982512522092
1463226802.73413  20.1340376126421  6.13290534641183 -21.1799174483892 0.191641002216916 -0.671645642514887 0.00376923158368212 0.715647713650598
1463226802.87458 20.0871377708579 6.14842705717449 -21.305377582954 0.203754569219802 -0.659439050624 0.0257610940081879 0.723160134458248
1463226803.06684  20.0303987655437  6.17347191450833 -21.4598139627859 0.184545546676764 -0.672148736434169 0.00574816024142879 0.71702578472853
1463226803.25426  19.9694032013996  6.24054853912952 -21.6114858996455 0.168928993349144 -0.679949997161553 -0.00267546149092719 0.713529143393498
1463226803.44351  19.8986608627601  6.28038346429824 -21.7775931877871 0.162094760631265 -0.685358097022719 0.00111291742852115 0.7099354399071
1463226803.63329 19.8436872632102 6.29512413652761 -21.939957271923 0.172124325313484 -0.695773479524655 -0.00451749405729549 0.697317771229857
1463226803.82301  19.7880575889129  6.35677615932658 -22.0949205453515 0.181352267626548 -0.695230522706561 0.00529504321941296 0.695512643911795
1463226804.01272  19.7353211636483  6.39882891309321 -22.2657239850381 0.19015959242881 -0.693311512957414 0.00404774830362201 0.695084233126951
1463226804.15587   19.697144303414  6.41795224314154 -22.3851815458227 0.174795453936726 -0.701815610438824 -0.0220231420974338 0.690229222388903
1463226804.34456  19.6461847195758  6.47663216524183 -22.5401194556186 0.165031402544105 -0.709755676400449 -0.0282770449520615 0.684260129424802
1463226804.48674  19.5976240509035   6.5130128394205 -22.6615247751804 0.157412152210641 -0.706517305404651 -0.0114476494416117 0.689872207602559
1463226804.62926  19.5498057449372  6.52749870864474 -22.7852084362792 0.14746172931588 -0.712791033284673 -0.0292407762211816 0.68507587774065
1463226804.81863  19.4967072277191  6.55669516482446 -22.9344254994969 0.161366980721125 -0.703461306707596 -0.0369157059906807 0.691187469612549
1463226804.96097  19.4540942796668  6.59872540447213 -23.0436374318847 0.172134959235176 -0.680920451761587 -0.0177521174286294 0.711619109150886
1463226805.1032  19.4107507715714  6.62030910247375 -23.1589306643659 0.184118439398884 -0.639282679529151 -0.00123999088476365 0.746603320612729
1463226805.24553 19.3649513382698 6.63018570939711  -23.26608089284 0.184328954660732 -0.599198456537653 -0.00802234587967486 0.779050504218541
1463226805.38789  19.3200215226383  6.65834036685078 -23.3651657154582 0.181916337710718 -0.567169199473505 -0.0115717985138047 0.803175969960294
1463226805.48254  19.2871634137621  6.68920896638587 -23.4302568767651 0.183897584533916 -0.545958975053112 0.00810564896867535 0.81734006044996
1463226805.67242  19.2160397159323   6.7326125491444 -23.5869377717433 0.166477259629436 -0.530137603748239 0.00593877874862176 0.831386897915358
1463226805.90928  19.1501599515836  6.75609592866489 -23.7798290058875 0.186630655763005 -0.519847528390891 0.0112003859087525 0.833547897190586
1463226806.099  19.0937803473507  6.81038942557313 -23.9256820128709 0.193709963849528 -0.491875910942089 0.0307243251672732 0.848286834734172
1463226806.33602 19.0208306406405 6.84040567316989  -24.12251765594 0.181991027447841 -0.475757776358998 0.0330637094460786 0.859907317843084
1463226806.57342  18.9424940107679  6.89196378450611 -24.3025278019165 0.198074126162162 -0.47558684809794 0.01160249759403 0.857000100648152
1463226806.76292  18.8670168963526  6.94548969341595 -24.4622404593467 0.176120535785947 -0.516231031586081 0.018464428298342 0.837941611205493
1463226806.90556  18.8158400953821  6.97059985322176 -24.5894691104243 0.170640750530509 -0.559942321871957 -0.010328411771129 0.810703185108651
1463226807.04741  18.7685721238964  6.99642685354429 -24.7053528779205 0.173506879377773 -0.587208072339933 -0.0234286081618092 0.790274093531484
1463226807.23758  18.6997931988648  7.05090741281687 -24.8633263928777 0.181334808681816 -0.600144860809705 -0.00253733646010146 0.779061868613602
1463226807.47424  18.6050462550326   7.0753607408664 -25.0569020088705 0.1748185627047 -0.597336355697753 -0.0080364151489191 0.782664145292951
1463226807.66381 18.5192305457684 7.11702288537025  -25.18931987762 0.161891467324693 -0.581269020726729 -0.0283526068748812 0.796940153357984
1463226807.80608 18.4492068558235 7.15496571380272 -25.287945559934 0.156805980777493 -0.542874462380468 -0.0156640941901951 0.824896259320363
1463226807.94829   18.375008205314  7.17267465104033 -25.4046817510602 0.141184443887777 -0.570979065882929 -0.00652689585393058 0.808707152656676
1463226808.09064  18.3135799928204  7.18578069847824 -25.5143739281164 0.131163171563817 -0.600495444185836 -0.0247480055818338 0.788409145150599
1463226808.23306  18.2522108239691  7.21530634603999 -25.6078587377595 0.146701623630064 -0.559644917986494 -0.0274349851937163 0.815183121135131
1463226808.42276 18.1655914928739 7.25722784581758 -25.742717285496 0.155099234564501 -0.539851706750934 -0.00139167779582384 0.827346617439463
1463226808.66017    18.06029101057  7.27439030243222 -25.9178258184697 0.148391022941687 -0.539680485993406 -0.0122718108162123 0.828597900074295
1463226808.8492  17.9730954151855  7.32744017721877 -26.0525482440999 0.135440732187084 -0.571946419447169 -0.0226351813301905 0.808715493800099
1463226809.08638  17.8587442679352  7.36373513476157 -26.2275194174662 0.126189707559303 -0.57179377325176 -0.000369322774536673 0.810634259192949
1463226809.32355  17.7679182848768  7.38203006582924 -26.3996100451424 0.143940211085799 -0.576077738533876 -0.00186968059415401 0.804619263436283
1463226809.46583  17.7087298138379  7.41481717310282 -26.4963939420071 0.142733380571085 -0.536545503540586 0.00280416491137534 0.831708026509471
1463226809.65741  17.6168537521265  7.44565849623389 -26.6381671841045 0.105973458317245 -0.526624718481286 0.00790561686351031 0.84342962554015
1463226809.84559  17.5247055475551  7.45852017412031 -26.7577735493108 0.11096631617563 -0.490143586764695 -0.0304061621238442 0.864014586874984
1463226809.98775  17.4561953382553  7.47733264340694 -26.8433283551769 0.126326843680984 -0.453079957302847 -0.020288772960707 0.88224058314487
1463226810.13305  17.3734913755721  7.51487298857009 -26.9372332514839 0.10168074356988 -0.428367726410284 -0.0196920191350695 0.897649342304413
1463226810.27188  17.2935812638677  7.53534249431541 -27.0345314201843 0.0687006086514896 -0.419955142189866 -0.0213029040993544 0.904690052557304
1463226810.41416  17.2316418409508  7.53293877640657 -27.1261538960697 0.0901352877052357 -0.39631228514095 -0.00111615665882115 0.913679898405873
1463226810.55904  17.1588340305097  7.54992726898778 -27.2176324769348 0.103705110099151 -0.382280653763359 0.0140644796960658 0.918100725578877
1463226810.70193 17.0861236555415 7.58077744632746 -27.311981099836 0.111444107552051 -0.366672895564966 0.0265169293544906 0.923270302244982
1463226810.84282  17.0153232761674   7.6163252497174 -27.4096670015892 0.0842611950006843 -0.347929891980523 0.00506184653971468 0.933712599782763
1463226811.03241  16.9212134663698  7.64261858766749 -27.5429467240105 0.110107706830059 -0.340718335880774 -0.0201554656509263 0.933477940658298
1463226811.22033  16.8180819435971  7.68067511928244 -27.6724287921015 0.122125572974569 -0.322314858269996 -0.0123371065480575 0.938640651349625
1463226811.36261  16.7395096707798  7.70650928551383 -27.7765144545827 0.0980535791508105 -0.319058056586608 -0.0204350424940395 0.942427642411426
1463226811.55228  16.6520465645268  7.72603226965954 -27.9225298349071 0.108729094659887 -0.326292091258277 -0.031086032799497 0.93848021488017
1463226811.74369  16.5614147648477  7.76513307787136 -28.0642818077591 0.101342336863046 -0.315276996552481 -0.0149215392630249 0.943455083122671
1463226811.93156  16.4776901500768  7.80211202394241 -28.2172383054529 0.100392910095124 -0.324494879814016 -0.0292247181562103 0.940090555439108
1463226812.12233  16.397567674529  7.8338202778177 -28.358434372093 0.112552275699556 -0.334392567978353 -0.0435329762405791 0.934675599176169
1463226812.31084 16.3043592182823  7.8771560882077 -28.506752940537 0.106517410876697 -0.355647018575752 -0.0258319647479455 0.92817129289564
1463226812.45909  16.2321567236939  7.90331372653868 -28.6245125787657 0.0909824121781496 -0.383214728899182 -0.0377176831157895 0.918393188459795
1463226812.59543  16.1710626487416  7.91584246261701 -28.7429476525016 0.114136976703974 -0.40783348839326 -0.0530259938131447 0.90434110836232
1463226812.78595  16.0852586236446  7.95335074721007 -28.8848104881249 0.121858249561003 -0.416916129202776 -0.0458983623862606 0.899569257230794
1463226812.92987  16.0180531151173  7.99045140366969 -28.9983008148409 0.110632598656959 -0.432982537675502 -0.0476454730458757 0.893317669746169
1463226813.02263  15.9747558655178    8.008658241442 -29.0759550803175 0.0934372609525101 -0.44230228866859 -0.0554990824025621 0.890257274924891
1463226813.1647  15.9133019597366  8.02676331364943 -29.1851370556948 0.108270936964969 -0.453884865165846 -0.0718115584188197 0.881537879764432
1463226813.3069  15.8492909226119  8.05181437585395 -29.2922120982865 0.118766581071254 -0.469248125687505 -0.0614481208066255 0.872883052996644
1463226813.44895  15.7733060846691  8.08508140252414 -29.4020540595281 0.119619054783835 -0.481213049697776 -0.0527980365698834 0.866797352249967
1463226813.54848  15.7189677409109  8.10635258260577 -29.4795282577324 0.0982396778092931 -0.489711935143827 -0.0597357170078247 0.864270114255477
1463226813.68606  15.6585337921104  8.12016127327735 -29.5870252713516 0.0951617639457449 -0.501137523394661 -0.0750511982488973 0.856838805709688
1463226813.82832  15.5937455485106  8.13749882692115 -29.6995514297341 0.117700554898924 -0.515973337984577 -0.0765994003143798 0.845015163021952
1463226813.9733  15.5239727372197  8.16935248620823 -29.8099600755561 0.111118042473797 -0.526620037420415 -0.0699779149783513 0.839897141463998
1463226814.11431  15.4567587315831  8.19265110452046 -29.9085604232572 0.0971199382753671 -0.510530994761612 -0.0703364128912851 0.851456757562411
1463226814.25551  15.3854277143308  8.20635834608703 -30.0106654424197 0.10871322611692 -0.525420791271647 -0.0930392220299151 0.838724108232735
1463226814.39746  15.3141918481024  8.23115344028048 -30.1055911369926 0.120961727747402 -0.532247942972797 -0.0993948128913869 0.831986213102042
1463226814.53972  15.2344013836898  8.26698327737762 -30.2049083559505 0.117875014364562 -0.545661634478846 -0.0911181711478787 0.824655285881982
1463226814.68184  15.1486628720275  8.29261820602589 -30.3029485657779 0.110769498007854 -0.553112167230569 -0.102942792339981 0.819267862348962
1463226814.82416  15.0757211639819  8.30391788244712 -30.4031756579114 0.124006050499625 -0.571858859246856 -0.113981186928831 0.802874980035288
1463226814.96677  15.0010948344498  8.33279989835939 -30.5036490420283 0.135172642604536 -0.581957897449738 -0.123313846370168 0.792368006409005
1463226815.10952  14.9226974578289  8.37356430740816 -30.5977353353035 0.113529804662502 -0.582510033442751 -0.131981173517435 0.79396096517951
1463226815.25101  14.8473504574902  8.39513752761848 -30.6924338511969 0.114557832756187 -0.577135090022911 -0.134468231486947 0.79731416990997
1463226815.39452  14.7755121007585  8.41200353320585 -30.7881555585788 0.113765682216084 -0.583063239138514 -0.149359618154731 0.790434268728201
1463226815.5372  14.7036724387168  8.44197151671315 -30.8803132363363 0.11955539226587 -0.59070148057626 -0.155123429456365 0.782761132567825
1463226815.67768  14.6216146482544  8.48517063255632 -30.9748852296668 0.107904068638238 -0.595904079693965 -0.148559684766966 0.781783256304037
1463226815.82061  14.5429894580723  8.51567821694532 -31.0777972440379 0.0944404766451124 -0.611033835947706 -0.153880278479066 0.770739584810123
1463226815.9171   14.500330756252  8.52590420189411 -31.1512314442979 0.0991194669309718 -0.631069380690848 -0.16390520945988 0.751705960028057
1463226816.05799 14.4320558199851 8.54782063466695 -31.258794917796 0.101939242305483 -0.647473487952554 -0.170080692861742 0.735838998145931
1463226816.19963  14.3553971026469  8.57878514296993 -31.3589281546469 0.10336492584139 -0.647011137265788 -0.164472600475139 0.737320177435
1463226816.34148  14.2769240455301  8.59891215640309 -31.4570335904473 0.099437656322797 -0.642412628276372 -0.161947682367995 0.742422464444408
1463226816.48626  14.2010127174402  8.60610724805683 -31.5568830922564 0.0874473329356678 -0.643577868096798 -0.159642512278839 0.743420984322961
1463226816.6261   14.123717965154  8.62120130626431 -31.6491206631453 0.101406198071546 -0.648467149679063 -0.168074203620778 0.735498606971507
1463226816.76828  14.0398882468262  8.65411393899092 -31.7355796834582 0.105006209196173 -0.653909604652155 -0.159904268045221 0.731988080527841
1463226816.91066  13.9498094135929  8.68067167962077 -31.8232982553499 0.0949246026641601 -0.661810843477339 -0.165191460750291 0.725056900222355
1463226817.05363  13.8737376891743  8.67728676291977 -31.9129066687935 0.0871724768484717 -0.679209276449805 -0.165765622343532 0.709646021981168
1463226817.1951  13.8013195024309  8.68358474945546 -32.0004749023604 0.0994678191480107 -0.684117872920696 -0.173405565052561 0.701440944708251
1463226817.33751    13.72257645641  8.71244283747503 -32.0915008215452 0.0988457825645523 -0.696145154963881 -0.17802924086824 0.688416315818701
1463226817.47965  13.6408722998351  8.74224418364435 -32.1851530537996 0.098084952124134 -0.700153676504786 -0.193167320379635 0.680331211823322
1463226817.62191  13.5643913325507  8.75383383167284 -32.2747489826241 0.0753494652898417 -0.706418281588656 -0.192237903952589 0.677008314425887
1463226817.76642 13.4850539998405 8.76590689162218  -32.35355095625 0.0702575860785143 -0.71433326839306 -0.193712779714193 0.668780391638921
1463226817.90647   13.394061029915  8.79128501720404 -32.4270261456257 0.0621950874949329 -0.719598997919628 -0.173529632622169 0.669474809000741
1463226818.04882  13.2965138888835  8.81865901148645 -32.4985862777897 0.0448059855169034 -0.72675714199657 -0.176499267392298 0.662317513605686
1463226818.19091  13.2162851758979  8.82960531877881 -32.5673401880972 0.0406882872527151 -0.733331763338144 -0.203711467380332 0.647356645302697
1463226818.33457  13.1391827139102  8.83386840465667 -32.6430230966543 0.041831242870114 -0.749235164814243 -0.202739817348776 0.629121118217391
1463226818.47538  13.0468692984662  8.85461057885954 -32.7157523579952 0.054321252368228 -0.751354229360625 -0.200312550768776 0.626411131420536
1463226818.57043  12.9813534126443  8.86601582604746 -32.7632880850255 0.0640144690131842 -0.758100518836786 -0.185959419997947 0.621775558550176
1463226818.71263  12.8864705223666  8.87594563599216 -32.8293792323509 0.0494058756015481 -0.757219204863829 -0.189882457210155 0.622995014173684
1463226818.85482  12.7932777439767   8.8771101112379 -32.8901607784071 0.047061426719509 -0.759160219614819 -0.20394449017815 0.616334023071483
1463226818.99703   12.689819928416  8.88682352215293 -32.9402485001903 0.0584070243887103 -0.759141438242627 -0.196724763571385 0.617731546582133
1463226819.1393  12.5738881931068  8.90671134847973 -32.9833183003707 0.0530871965759995 -0.761484018216529 -0.182443291201513 0.619708225745044
1463226819.28149  12.4614666980321     8.91108584021 -33.0210732923588 0.0475533009337515 -0.763887159341984 -0.191236642004622 0.614527166297418
1463226819.37642  12.3948087467263  8.90724665232238 -33.0469266151382 0.0534706266865305 -0.769558981580593 -0.215195567600877 0.598841158935594
1463226819.51876  12.2922478902157  8.90790918591235 -33.0777826493994 0.0477322349000557 -0.775096468887856 -0.208590422359707 0.594505789180242
1463226819.66091 12.1737780577738 8.92817617473553 -33.095376487367 0.0567760621115278 -0.762326980657713 -0.205829553152026 0.610956830211137
1463226819.80497  12.0505697573282  8.93980944183169 -33.1167789201901 0.0605874160183833 -0.759208797639745 -0.202504567169272 0.615567272426185
1463226819.89832  11.9720418876976  8.93402091485632 -33.1313591195566 0.0581973495157636 -0.757855980507629 -0.201919545488369 0.617653526232896
1463226820.04217 11.8606223452153 8.91907956833852 -33.143122460191 0.047992026629532 -0.755511016269337 -0.197542228722528 0.622797669831062
1463226820.13718    11.78243069325  8.92111231503033 -33.1418675945372 0.0484364718532422 -0.757030899180928 -0.196134919527 0.621360780241128
1463226820.28014  11.6570785340232  8.93256125172953 -33.1322011981375 0.0466228893334952 -0.764443422426513 -0.174852074062367 0.618772423670549
1463226820.3723  11.5728090460141  8.93381006243404 -33.1202409890836 0.043387885696773 -0.753446378889646 -0.165128307244581 0.63495565802612
1463226820.46708  11.4960836119021  8.92385775798423 -33.1121563042025 0.0451740143959365 -0.751436706241239 -0.183088454222253 0.632282217737601
1463226820.56196  11.4215791656812  8.90858307140155 -33.1039356046807 0.0464234813521329 -0.735324306674676 -0.202709571402546 0.645020816760476
1463226820.65694  11.3453699330973  8.89724701977959 -33.0930505074746 0.0424172123361557 -0.724754689133745 -0.196300145023185 0.659088517378474
1463226820.75348  11.2631030005786  8.89750478733254 -33.0783283181758 0.0455732355893811 -0.713232398697606 -0.189801276834806 0.673199896730422
1463226820.84841  11.1755484589066  8.89995596852656 -33.0636474533451 0.0566446288194786 -0.704871293228111 -0.173366697554822 0.685486567474351
1463226820.94118  11.0855510113504  8.89740173276091 -33.0509510536266 0.0641609308430934 -0.692967854179417 -0.157776997859308 0.700560737533746
1463226821.03631  10.9990761668568  8.88625466741766 -33.0403058616104 0.064723516697799 -0.680889103597908 -0.161007066236539 0.711531882356518
1463226821.13289  10.9175014529505  8.86757284350793 -33.0280232165348 0.0590697021988051 -0.667979757618256 -0.155347014966382 0.725383428701977
1463226821.23072   10.838163301837  8.85047613011126 -33.0131382614467 0.0603536211191679 -0.658671556319889 -0.147661217590659 0.735326720670875
1463226821.32066 10.7584994379016 8.84697644734404 -32.992056787212 0.0642515231311743 -0.647678194189916 -0.137809953015764 0.746587647497604
1463226821.46534  10.6350669007438  8.85373730543872 -32.9591269098722 0.0665480965603 -0.649665013651799 -0.12950923962881 0.746146150383272
1463226821.55769 10.5520422320561 8.84662719601057 -32.939757624933 0.0614204304692674 -0.652323756776257 -0.117828518635164 0.746202175862897
1463226821.65258  10.4742334679681  8.82766522346182 -32.9258237381484 0.0702908786552022 -0.657358753568275 -0.120279992290968 0.740588539568044
1463226821.74749  10.4010424661817   8.8083736626747 -32.9145546001036 0.0723954878654214 -0.665018838632223 -0.135576625743939 0.730840486120511
1463226821.88969  10.2860639960404  8.79081452273556 -32.8933145272705 0.0771143587124164 -0.671607405983301 -0.134712783198061 0.724464860398202
1463226822.03193  10.1605148372566  8.78263631469091 -32.8601960059696 0.0815432267524275 -0.663615542725524 -0.1279272421105 0.732529681548749
1463226822.12677 10.0767075650035 8.76841560610476 -32.839438265489 0.0907588995105243 -0.659930434295993 -0.111204900032918 0.737487704479342
1463226822.26961  9.95787536150383  8.73509445051623 -32.8146710656827 0.0973617790649705 -0.654539910039538 -0.115220997679261 0.740825426019203
1463226822.41336  9.84927572455442  8.70627805719272 -32.7883384000157 0.0907774029012363 -0.653907164420915 -0.122471060997376 0.741057165581497
1463226822.50604  9.77487256725412  8.69827292090709 -32.7603944507174 0.0984910351426471 -0.643630309518922 -0.114186174804777 0.750333964410888
1463226822.65006  9.65530145639749  8.68329472430886 -32.7113524691079 0.105982492147519 -0.62863095481404 -0.0906842672768528 0.765092934012757
1463226822.7469  9.57553877182554  8.66187457010031 -32.6790395926367 0.103909542782633 -0.618222395327043 -0.0840124399255121 0.774561673963126
1463226822.83834  9.49886830395327  8.62513846846263 -32.6478823447774 0.117208889715229 -0.602969596964422 -0.0664148628111045 0.786307069347636
1463226822.93294  9.42905879295073  8.59160960432752 -32.6151672042275 0.119233804138535 -0.581259310450561 -0.0688617205850237 0.801984399725619
1463226823.02774   9.3649164941018  8.56613576046335 -32.5785199975953 0.122091537589341 -0.550879130154611 -0.0607061004056447 0.823371489537202
1463226823.12419  9.30077244057141  8.55145036181764 -32.5392315061593 0.13952606583999 -0.519728831294182 -0.0550870383399903 0.841058759588013
1463226823.21744  9.23310200822552  8.54478492205806 -32.4990425932079 0.153865454075944 -0.494481051067401 -0.0457265746566095 0.854238252800385
1463226823.31223  9.16167128937494  8.53673712278701 -32.4651800946701 0.166568362863817 -0.477344805750894 -0.0464645513511922 0.861532333916285
1463226823.41008  9.09392130698943  8.52351071392251 -32.4375978198116 0.153022368445028 -0.452207492169773 -0.0565645629064471 0.876865433806237
1463226823.55203   9.0004674126892   8.4952155176826 -32.4139227498208 0.136407426180934 -0.441032748372464 -0.0585121654185785 0.885132450791266
1463226823.69183  8.90278496829736  8.48564767160218 -32.3875732396564 0.142568281618847 -0.435315365922567 -0.0387318345415181 0.888073568045463
1463226823.7864  8.83237493189236    8.489232067985 -32.3654513396904 0.152112292811908 -0.437463560749772 -0.0235142446593115 0.885965328717629
1463226823.88177  8.75544093119651  8.48216109126585 -32.3438477682593 0.176996291874767 -0.439211932402014 -0.0205730144162622 0.880535031771082
1463226823.97754  8.67242225529725  8.46386296368285 -32.3269571374646 0.176678220704977 -0.448984959216229 -0.0315778085816241 0.875328598145466
1463226824.0728 8.59483822131926 8.43359638348212 -32.318418891758 0.183544958560567 -0.454550948589737 -0.0230735141782032 0.871299200198553
1463226824.16609  8.52356041564425  8.40979240995483 -32.3103882393826 0.17219457466994 -0.462548062730976 -0.0203583238112116 0.869473321482412
1463226824.26327   8.4496955321362  8.39568733751726 -32.2985907810837 0.169347410735252 -0.470951855734582 -0.0247560707755885 0.86539756240538
1463226824.35543  8.37194196439891  8.39231100669882 -32.2810321832763 0.176002703127193 -0.472486894288203 -0.0269550732410223 0.863164299102077
1463226824.45031  8.29253967569208  8.38655466580518 -32.2650367659673 0.194559859646483 -0.470979912743341 -0.0353182913567813 0.859695877099718
1463226824.59255  8.17821731538141  8.36301079071392 -32.2442804067159 0.197862003600076 -0.46757022313469 -0.0360857632980164 0.860770893825029
1463226824.68903  8.10997744034813   8.3408418542153 -32.2317373196852 0.173825883506937 -0.459956015687053 -0.00185964511701426 0.870759190348493
1463226824.82992  8.02226552919132  8.32001543414854 -32.2049591366626 0.185289427209968 -0.43116514556922 0.025982257557191 0.882660392055012
1463226824.87751 7.99028073510163 8.31380191141132 -32.196154505837 0.219229022605994 -0.440424673038219 0.0720602102394933 0.867624382510449
1463226825.02165  7.89119402959259  8.31530341390276 -32.1573149475205 0.228772307485394 -0.40267117525773 0.0593697297084003 0.884304467442475
1463226825.11448  7.81999047151352  8.31063869282288 -32.1315614044698 0.229629122127031 -0.379841200756531 -0.00122108444680735 0.896096890649543
1463226825.21013  7.75152863892541  8.28865928553392 -32.1143826373828 0.260877779023586 -0.402777019108459 0.0339852769649232 0.876674659288976
1463226825.30666  7.68839719443941   8.2591914540164 -32.1015244563771 0.30261385488519 -0.401269521040094 0.0603455512921942 0.862418715448024
1463226825.40198  7.62000503319662  8.24437757540228 -32.0898789357154 0.294583934079903 -0.414504431482012 0.0133763400201025 0.86094567516856
1463226825.49586  7.55468397622424  8.23728042046002 -32.0743468516275 0.315194008392 -0.402454964232656 0.0117181964970735 0.859386654951735
1463226825.59151  7.48087536157761  8.23998652721644 -32.0562601645132 0.320312607204234 -0.40052585891883 -0.0121374682961416 0.858388928089546
1463226825.68319  7.40402089920285  8.23668840814507 -32.0385042874658 0.324066822638579 -0.39544969066516 -0.0241508076903383 0.85907914367983
1463226825.77819   7.3263257699912  8.22194569581489 -32.0258024934653 0.326770617786172 -0.413576594728251 -0.0339703044646312 0.849129779279474
1463226825.8773  7.25202290585908  8.19969474261173 -32.0153451936321 0.311195164295261 -0.429965758016884 -0.0506757334960871 0.846001765179509
1463226825.96762  7.18437274197821  8.18113849140758 -32.0013056736554 0.291144884376128 -0.441669216321923 -0.0426442085432569 0.847552022670531
1463226826.11013  7.08094075393228  8.17465238988546 -31.9722593257548 0.302421690375897 -0.432600803439751 -0.0663344540250884 0.846756993630794
1463226826.20727  7.00460881249888  8.17640453236738 -31.9468018385777 0.304662393834354 -0.426229736367135 -0.0751406339027344 0.848447360038452
1463226826.29975  6.92443716596535  8.16378195788782 -31.9230958630745 0.305462251078868 -0.434003175971666 -0.0849761017853637 0.843275232968276
1463226826.39455  6.84381306154084   8.1381976082901 -31.9064870632447 0.308831000982339 -0.453440533109678 -0.104589462621653 0.829503550368515
1463226826.53678  6.73038235175857   8.1075708800398 -31.8831510326479 0.281096422368263 -0.470628834210553 -0.127251231292127 0.826619879918222
1463226826.68134 6.61662880185837 8.10021053387564 -31.862626578074 0.242680174423325 -0.488989454913252 -0.111352413160358 0.830419343469834
1463226826.82181  6.48964725733452  8.09558004493377 -31.8431020025143 0.237574082386844 -0.484344139074629 -0.0983519997698426 0.836239316501788
1463226826.96375  6.36141886444988  8.06715866850603 -31.8283373458341 0.23660248422312 -0.473476734994663 -0.085050366641312 0.844159630053713
1463226827.05838  6.28003609048631  8.04129699780837 -31.8187815417648 0.224979553634086 -0.462067985156839 -0.104850452099556 0.851401057219349
1463226827.20063 6.16299203785707 8.01396986399623 -31.800524405235 0.200572974489842 -0.459136116643013 -0.112179406446732 0.858126033323503
1463226827.29551 6.07970858144296 8.01085262973834 -31.776426422304 0.177184457295755 -0.449844333528999 -0.107226017035879 0.868762525063829
1463226827.43768  5.95021467258205  7.99751617545687 -31.7273880565936 0.155053011565238 -0.433770921484312 -0.0672158717121924 0.885032981232435
1463226827.53259  5.86990102443017  7.98259769295134 -31.6936202119253 0.124024851623518 -0.421690467941874 -0.0650198781034193 0.895861262070274
1463226827.67467  5.75784968699921  7.95388849132792 -31.6551926754419 0.0942685004649037 -0.420655795662483 -0.0552197400403573 0.900618083154862
1463226827.82017  5.64914836061806  7.93737503420858 -31.6186407949199 0.0717466897423922 -0.4038413993524 -0.0490279233770345 0.910692483448414
1463226827.91206 5.57488128053352 7.93968744887639 -31.592245658811 0.0536208159345056 -0.37785141091998 -0.0407243297146313 0.92341466759717
1463226828.00671  5.49401693526165  7.94389215897654 -31.5691053727216 0.0303308590536204 -0.353656568777028 -0.0343519382105119 0.934252115165446
1463226828.10325  5.41073103151524  7.94038245620496 -31.5543292797791 0.0165611962768455 -0.344239624618549 -0.0366280579042852 0.938020891555471
1463226828.1964    5.331727573872  7.92918609122731 -31.5419072310247 -0.00223741745914418 -0.334238331341357 -0.0306255030617775 0.941988222000398
1463226828.2914  5.25876726190299   7.9208354920508 -31.5300124091259 -0.0205915826514729 -0.321884845084759 -0.0439438453738342 0.945534278428037
1463226828.38606  5.18514320913833  7.91846234953948 -31.5131957418563 -0.0428525887127401 -0.294475334633696 -0.0432379487000403 0.953718204044152
1463226828.48259  5.10582978813647  7.92203984497234 -31.4924211072808 -0.0623423731697267 -0.27598576778154 -0.0313571569103112 0.958625063932768
1463226828.579  5.02483002213023  7.92589433335822 -31.4689481727291 -0.0977898069055922 -0.244999588425369 -0.00357733975639923 0.96457221501401
1463226828.67134  4.94184629643968  7.92165158760145 -31.4501353432115 -0.108442073039594 -0.228780326227268 3.91211106064482e-05 0.96741918401268
1463226828.76549  4.86414274159676  7.91306251281087 -31.4370834932299 -0.129995249215555 -0.214190077572107 0.0102817194803579 0.968048620729128
1463226828.86034  4.79457121242898  7.89972368077402 -31.4253732664778 -0.130620262390023 -0.192380245271172 0.0101847281563574 0.972535068568196
1463226828.95501  4.72445418072395  7.89407198028496 -31.4103882620708 -0.135371127633784 -0.167516393214887 0.00963951791273909 0.976483484500298
1463226829.05171   4.6495024729565  7.89532190979824 -31.3918650185545 -0.140000781552218 -0.139881511008815 0.0246197742229361 0.979911634158851
1463226829.14481  4.57165897588077  7.90167079256714 -31.3725344469574 -0.150678304107849 -0.0983283313326707 0.0470649968878046 0.982554056526391
1463226829.23972  4.49162292467055  7.89942762058372 -31.3580820468723 -0.152089314385147 -0.0677228237621036 0.0616302634167714 0.984115933324282
1463226829.33462   4.4137263436468  7.89137175041762 -31.3487987511807 -0.163793357257197 -0.0427585768207289 0.0762213076020026 0.982615770529927
1463226829.43246  4.33643186460846  7.88010567715689 -31.3426649120702 -0.17227216631224 -0.0432587109414171 0.0723035419231065 0.981439342225055
1463226829.52488  4.26308895940754  7.87359197822447 -31.3326148780667 -0.181065888487511 -0.0257559889847243 0.0759496939114749 0.980195601424736
1463226829.61899  4.18636219832347  7.87703404198235 -31.3177464882915 -0.185488740271849 -0.0121018035778594 0.0805059336866558 0.979268230988714
1463226829.71506  4.10479639818515  7.88214095717654 -31.2999123143811 -0.197747753899439 -0.00323134035311612 0.0963556203362921 0.975500373499087
1463226829.80874  4.02097798240285  7.87825203756793 -31.2801930092851 -0.202845415485819 0.00238336010888438 0.107177326012169 0.973324754539747
1463226829.90342  3.93811691303033  7.86902717631374 -31.2648460859095 -0.228235916733843 0.00189816723686952 0.120830394066119 0.966077004769097
1463226830.0003   3.8575894184227  7.85419751436683 -31.2537457085154 -0.227142334773473 -0.0186437602911364 0.115328057944008 0.966828945060462
1463226830.09323  3.77849862175026  7.84317956417975 -31.2420175918884 -0.226601900424989 -0.0232236092297655 0.109801894633147 0.967499760533871
1463226830.18806  3.69366569458296  7.83684487122606 -31.2248533470895 -0.221787676770634 -0.0301399806075835 0.112469417127075 0.968117987753949
1463226830.2828 3.59875192736524 7.83139862032358 -31.203960694946 -0.226156896188298 -0.0441949561172324 0.128282537446832 0.964594969272841
1463226830.33034  3.55011501521887  7.82549069739567 -31.1937985337725 -0.226812327215901 -0.0470339003508594 0.139603607115413 0.962732991706973
1463226830.37766  3.50066332295046  7.81630223569149 -31.1855705460159 -0.223769831169022 -0.061294104615729 0.141835591290833 0.962316351539931
1463226830.47471  3.40882219985747  7.79557749853215 -31.1743854772394 -0.23106934871294 -0.0641909902391922 0.159365716399309 0.957647660308333
1463226830.51992  3.36395323630503  7.78214469897886 -31.1708832561314 -0.229878604784741 -0.0809084095093006 0.15476888642008 0.957421666837128
1463226830.61479  3.2855606586976 7.76337785453039 -31.161138677792 -0.237873239533083 -0.0763491625209343 0.155686723830974 0.955692822678483
1463226830.71225  3.20615177623324   7.7543304464367 -31.1476872134329 -0.240741395158427 -0.0862936304932224 0.145182041428344 0.955781965115565
1463226830.8045  3.12560707923755  7.75331858500526 -31.1298057657699 -0.242721707032269 -0.0916049692734943 0.141812750143306 0.955292544949732
1463226830.8993  3.04593397955954   7.7522390070061 -31.1068402224905 -0.239680021178017 -0.079500116607128 0.137722249707394 0.957739944266236
1463226830.99662  2.97690264523596  7.74579161491326 -31.0872686871892 -0.237127823825358 -0.047578299602531 0.132164119231763 0.961269653199597
1463226831.08986  2.90699463564163  7.72761887748714 -31.0774900038078 -0.236077903015254 -0.0474225053468516 0.131362732858305 0.961645549103486
1463226831.18593  2.83598282192981  7.71090071956652 -31.0709362896776 -0.23513271343897 -0.0455623696320995 0.128605967535809 0.962339432143624
1463226831.27953  2.75780688273211  7.69726279872751 -31.0635446665566 -0.228664204006308 -0.056680791643685 0.127690088397027 0.963428882165137
1463226831.37364   2.6771227561324  7.68777047876901 -31.0547617361446 -0.218937891024648 -0.0666912146855504 0.132604157848836 0.964383025088396
1463226831.46907 2.59996270119785 7.67922808099997 -31.045270157911 -0.221444878808979 -0.0508220822659864 0.142409753603169 0.963378816293005
1463226831.56391  2.52216180190389  7.66373218267391 -31.0363967721085 -0.221971842034059 -0.0379109359803946 0.150136428397455 0.962678718547966
1463226831.65994  2.44871645359215  7.64143210950267 -31.0323889916432 -0.217931658506852 -0.0410396201319934 0.145265252880197 0.964219657601693
1463226831.75278  2.37761117077033  7.62380907968992 -31.0263747683134 -0.223228496597791 -0.0415413030442223 0.140064603692858 0.963755812039772
1463226831.8477  2.3051249967965 7.60960305520466 -31.014787214834 -0.208460932471681 -0.051356909796901 0.137222862788892 0.96699348155878
1463226831.94247 2.23485675985822 7.60257199494217  -31.00176274803 -0.201534915933127 -0.0447181372951354 0.139978876258814 0.968395518400411
1463226832.03733  2.15994483117058   7.5925794371727 -30.9870955840577 -0.200347965470023 -0.0437642719363467 0.142487043783685 0.968319587526603
1463226832.13479  2.08372706457101  7.57731851452677 -30.9722099524281 -0.204611370751262 -0.0400046636371318 0.146029020948916 0.967062220794128
1463226832.22706  2.01402672383194  7.55531011485102 -30.9642296309245 -0.208162980691041 -0.0418477879702199 0.14447241142364 0.966459858684911
1463226832.32193  1.94815590869437  7.53192756142767 -30.9585735970391 -0.21387945801147 -0.0413083425367137 0.139882974880135 0.965909908643799
1463226832.41686  1.87694972924798  7.51268028110061 -30.9509025623913 -0.216680212109324 -0.0475069726264985 0.14072669740707 0.964877593204974
1463226832.5115  1.80376725506216  7.49879359799228 -30.9405230267212 -0.200166033580441 -0.05684908939418 0.132671716622995 0.969071697886196
1463226832.60835   1.7325696381142   7.4917403759537 -30.9301431976901 -0.198904031863479 -0.0484125542619317 0.135214257894539 0.969438247213466
1463226832.70125  1.66155110080877   7.4813129723762 -30.9200436064919 -0.196890991572116 -0.0394176142385353 0.13073301068244 0.970870263754842
1463226832.79688  1.59672153787982  7.46617329843095 -30.9152833323057 -0.200110835446218 -0.028494336009843 0.137955300804379 0.969593760980519
1463226832.89093  1.53589455067081  7.45048460651074 -30.9123574247805 -0.202599679510533 -0.0250569228638342 0.135362213875363 0.969537307963745
1463226832.98667  1.47479946993979  7.43845621749122 -30.9057108078701 -0.200650363635267 -0.0213186871169653 0.132510375725995 0.970425651700119
1463226833.0806  1.41205114441839  7.43307088340146 -30.8960110766514 -0.191001787573284 -0.0229069392518729 0.124128119786792 0.973440187765081
1463226833.17537  1.34663361971679  7.43498952102755 -30.8847157446796 -0.193058351448873 -0.0224458855569294 0.117184218872689 0.973905803455656
1463226833.27022  1.27993626201531  7.43467997228012 -30.8708468156806 -0.200759387290847 -0.0145472917868346 0.111843137794131 0.97312648573792
1463226833.365  1.21233232167528  7.42345861819756 -30.8588333693018 -0.194891549510948 -0.0102371989509256 0.109017285445183 0.97469365195482
1463226833.45999   1.1470434303413  7.40625115887213 -30.8550081845352 -0.18881248727818 -0.0192615210117793 0.0981272718117118 0.976908325782379
1463226833.55495  1.08363308121261  7.38913470269814 -30.8545666297137 -0.182810635853934 -0.0299897672726526 0.0824264872272584 0.979227634148969
1463226833.64969  1.01644783881057  7.37442145949384 -30.8510696985916 -0.17413517529109 -0.0423832262504887 0.069799023243865 0.981330066396186
1463226833.74501 0.947778811176537  7.36543238843869 -30.8434678582223 -0.157436026574583 -0.0508593888100593 0.0598935368139156 0.984398285428309
1463226833.83944 0.876462803095657  7.36281778738812 -30.8335231690945 -0.149760608719092 -0.0615785851768562 0.0583912455027682 0.985073753772954
1463226833.93407 0.803556033296059  7.35608855460834  -30.825059145375 -0.138538395537325 -0.0737058059792797 0.0504778903926773 0.986319699543912
1463226834.03111 0.735021799928081  7.34800823244251 -30.8208110186797 -0.129210994222613 -0.0878650421270381 0.0434982496927199 0.98675840792855
1463226834.12381 0.668297168435754   7.3402144406372 -30.8174265152861 -0.119509822945307 -0.103338702078946 0.0263353757525959 0.987089136226405
1463226834.2187 0.604039360896543  7.33473839495062 -30.8103500700935 -0.119060047004681 -0.117107457102849 0.0132403883132024 0.985867760308381
1463226834.31349 0.535806199656126  7.33378142288429 -30.7967270945218 -0.11843804204621 -0.135563916988051 0.00285064821033573 0.983659864186751
1463226834.40826  0.46387044911553  7.33327419327761 -30.7784915746986 -0.118809728954896 -0.154465911778289 0.00500223910460919 0.980815736011666
1463226834.50546 0.389176752334537  7.32961713825656 -30.7598263503383 -0.121009513342562 -0.175696144168498 -0.0052608718526863 0.976964628751865
1463226834.59802 0.31538350125011 7.31645830489746 -30.744853056899 -0.115546076491762 -0.19739450881117 -0.0228658512839526 0.973222310134543
1463226834.69286 0.244993822383802  7.29777849248695 -30.7369582662765 -0.108352797807813 -0.227813359773138 -0.0418108464161133 0.966753638440561
1463226834.78759 0.179611881019967  7.28021889038097 -30.7309631371201 -0.11082674196941 -0.240870739442872 -0.0499115043437288 0.962916175935806
1463226834.88246 0.10618552053399 7.27169823211443 -30.724527464466 -0.120339164108276 -0.265957083033777 -0.0608044790862817 0.954509366579989
1463226834.97951 0.0301403577175205   7.26742080684764  -30.7139516452664 -0.110709002463102 -0.286088897675628 -0.0830649792772782 0.948154453988397
1463226835.07249 -0.0498622975905721    7.26563149011174   -30.7039637676536 -0.103478080905311 -0.312998547464257 -0.0953118089996862 0.939276240050086
1463226835.16718 -0.125361313544982   7.25822519289887  -30.6931945604915 -0.0883978453395836 -0.322444410433996 -0.097647013839581 0.937379583630561
1463226835.26198 -0.199946106859694   7.24481630450754  -30.6885214854467 -0.0819155728725161 -0.347918342751034 -0.0884197648695862 0.929744379320869
1463226835.35683 -0.267667597501763    7.2308272038021  -30.6871974008127 -0.074501734787515 -0.369837855202287 -0.10009774884925 0.920679039105559
1463226835.45364 -0.336554518198831   7.22266174275338  -30.6829745203614 -0.0767566945391007 -0.397654961141973 -0.111515554053642 0.907492822520772
1463226835.54636 -0.408313641028964   7.22008130018113  -30.6742016510297 -0.0726933520597438 -0.419756841934618 -0.126237011464195 0.895870575000643
1463226835.64117 -0.482762370604259   7.22030487420569  -30.6619008125438 -0.0718005963286865 -0.44879563996127 -0.136387620477728 0.880241765027667
1463226835.73717 -0.555366178822942    7.2191819566943  -30.6510835201977 -0.0735514220081383 -0.468703830651797 -0.145964578430276 0.86810209612498
1463226835.83174 -0.625279082199254   7.21408325367821  -30.6476646425651 -0.0754307664399324 -0.491100131466768 -0.162188446137659 0.852540772213892
1463226835.9281 -0.690020335639653   7.20689989728554  -30.6500935633194 -0.0686600738659667 -0.514760390457563 -0.183462351872139 0.83465507853139
1463226836.0219 -0.755515846541028   7.20511651435437  -30.6538938369683 -0.0657235062770472 -0.537930394673005 -0.19397850580463 0.817730793412721
1463226836.11532 -0.824484634893454   7.21272964723746  -30.6551605820373 -0.0539547177431853 -0.556198504479135 -0.209935217175894 0.802283813022385
1463226836.2103 -0.900135392832266   7.22579649382445   -30.655978533151 -0.0378546488114875 -0.577529064219742 -0.237885146849791 0.780024270425659
1463226836.30505 -0.976246366694893   7.22973281707735  -30.6552485431177 -0.0255408518973346 -0.584214810613455 -0.245247478485216 0.773236312029438
1463226836.40216 -1.04848436404408  7.22984205209211 -30.6595195515607 -0.0243378019840174 -0.596623858782232 -0.260804418129805 0.758570166833867
1463226836.4956 -1.11349990239356  7.22584849988681 -30.6686298357208 -0.0312485642687801 -0.618700258866022 -0.267860433742574 0.737891797586541
1463226836.58958 -1.17785729880735   7.2264025064577 -30.6758644176456 -0.0377840802136085 -0.631764998897264 -0.275311131464117 0.723636048260933
1463226836.68437 -1.24630967616165  7.23297718981628 -30.6815544819681 -0.0355605383623445 -0.649501522775029 -0.280695472236435 0.705757232970562
1463226836.77923 -1.31642394684842   7.2431387166653 -30.6840077816615 -0.0347160364071338 -0.663298382119216 -0.287259757488122 0.690153522647009
1463226836.87662 -1.38544628719444   7.2496480277086 -30.6920613577089 -0.0391085142881016 -0.684919924307427 -0.289020321079258 0.667699389995324
1463226836.96892 -1.44683095386827  7.24880515348946 -30.7051840477081 -0.0361648414821046 -0.70101509638809 -0.292228204325472 0.649517217226211
1463226837.06374 -1.50203761585158   7.2424664672664 -30.7260746686943 -0.0295618987525928 -0.727456679042616 -0.298234250286011 0.617243230999556
1463226837.15865 -1.55649167548417  7.24209021703921 -30.7469236396691 -0.0258795417852557 -0.745173732549437 -0.312459465498613 0.588570675497554
1463226837.2536  -1.6144778181514  7.25269891682635 -30.7696336378102 -0.0180939982707088 -0.766584794620273 -0.318064215181757 0.557544182020032
1463226837.35013 -1.67742514214744  7.26970906522716   -30.79183302395 -0.0113486427439784 -0.778540264658329 -0.316198891544325 0.5420004848704
1463226837.44314 -1.74310130619987   7.2799843443801 -30.8174156426045 0.00437017226848682 -0.789452397059459 -0.305382423582301 0.532435338551471
1463226837.53807 -1.80165290317301  7.28618176851903 -30.8488800740407 0.0169940211426211 -0.804688793985833 -0.304870913503141 0.509157023106615
1463226837.63279 -1.84966791382127  7.28661679483144 -30.8826830085918 -0.0205884572728177 0.824001550026517 0.311080385492319 -0.473103112167922
1463226837.72771 -1.89381083660212  7.29053841631758 -30.9142299727418 -0.0147820503198972 0.839439301305898 0.321441894042503 -0.437947781323041
1463226837.8245 -1.94363734733566  7.29937470481313 -30.9450344570393 -0.0152694578742463 0.855855414076048 0.318437682350787 -0.407278524246004
1463226837.91722 -1.99882107694607  7.31647717740116 -30.9722437249987 -0.0172900917698577 0.867548180510917 0.313095782117936 -0.386046938128961
1463226838.0122 -2.05514903538199  7.33501581238833 -31.0018396553408 -0.0169879691861433 0.880504645750911 0.309396907343666 -0.358742988001394
1463226838.10705 -2.10598272274334  7.34487501971849  -31.032205852157 -0.0220721757567182 0.889461146519513 0.317938606769292 -0.327546531374033
1463226838.20196 -2.14885152626755  7.34415877245522 -31.0663203715812 -0.0335761754274447 0.902384822147317 0.317210893445264 -0.289743890844102
1463226838.29984  -2.1901952514712  7.34447888087013 -31.1019040489953 -0.0409210371010097 0.913560913049746 0.317730736770103 -0.250557589750978
1463226838.39216 -2.23375792836633  7.35256544313372 -31.1400952916935 -0.0475389562599129 0.928255624762979 0.302589710190139 -0.211000023745633
1463226838.48644 -2.28259250630936  7.37093486772499 -31.1792399923543 -0.0546376457342509 0.939550564317326 0.286586726134808 -0.17924149397655
1463226838.58172 -2.33586606781404  7.39252840683368 -31.2220177137136 -0.0637052688276016 0.944787229575623 0.277112024326129 -0.162873127090685
1463226838.676 -2.38467596623806  7.40637658162771 -31.2714425254553 -0.0586340163862196 0.953571976228059 0.264037757836518 -0.132463582586305
1463226838.77494  -2.4280811549551  7.40692203864393 -31.3200441898683 -0.0608389548290863 0.961197813521007 0.25010528767619 -0.0992206124459504
1463226838.86568  -2.4687415823106  7.40443733646889 -31.3627256256682 -0.0593329270873028 0.966841284633623 0.24025204524428 -0.0630594072855032
1463226838.96078  -2.5121450945307  7.41040139367507 -31.4030180514211 -0.0638789313074626 0.969782653212393 0.233094800892264 -0.0332851537527279
1463226839.05545 -2.56253017583266  7.42593923907452 -31.4415498805836 -0.0692888142157359 0.973818350874496 0.216444135269644 -0.00536805663438453
1463226839.15102 -2.61934436695458  7.44356988851007 -31.4814012333906 -0.0773356142930905 0.97390142600756 0.212579985555915 0.0185732313666447
1463226839.2469  -2.6695913579979   7.4518454957653 -31.5225685262604 -0.0822146942681564 0.972062921261225 0.211931826070077 0.0584749711764758
1463226839.33993 -2.70997954891666  7.44851876067961 -31.5631677445384 -0.0972661356650139 0.969130342593597 0.19654860605088 0.112669087937504
1463226839.43517 -2.75802732431518  7.45117625342983 -31.6115826823095 -0.102703870882519 0.961738630027888 0.207213527545993 0.14687844096318
1463226839.52955 -2.80002681919034  7.46005212182378 -31.6458486694673 -0.0909731850273797 0.959763660172088 0.206120483108172 0.1676065113959
1463226839.6244 -2.84862729122768  7.47938368360373 -31.6870014327825 -0.0853556432567052 0.959822787223009 0.195963638254833 0.181804520773325
1463226839.72192 -2.90000579782412  7.50429636842149 -31.7365748783813 -0.0913442325059879 0.958480315931347 0.188303465789772 0.193684072477828
1463226839.81425 -2.95044790797306  7.51982942715332  -31.790916046305 -0.0779438614352079 0.958340116503251 0.1737894223365 0.212852559883716
1463226839.90906 -3.00014971108757  7.52636034448041 -31.8460059055061 -0.083941985134031 0.953339231282297 0.173133370235039 0.232643266270257
1463226840.00382 -3.04893476333948  7.52629024542931 -31.8983233763622 -0.0954839416086358 0.945516906522065 0.182290759114862 0.252290855001031
1463226840.0987 -3.10087352822302   7.5271647752492 -31.9500361166369 -0.0856691776229704 0.944241494197497 0.165681438826385 0.271327207388978
1463226840.19566 -3.17291697815117  7.54111748223052 -32.0181209309768 -0.0859716822123055 0.94648418664828 0.146491799599496 0.274438894715073
1463226840.28833 -3.23235336346763  7.55447085963756 -32.0670398886384 -0.0636664736659416 0.950711350787578 0.125740304893751 0.2761953716843
1463226840.38307 -3.29388689057706  7.56068405807824 -32.1203305275167 -0.0382708723681542 0.95025526167514 0.115276917790969 0.286812674426193
1463226840.47786 -3.35366080157475  7.55505275480546 -32.1750079916927 -0.0472085467439277 0.947005119372196 0.100827127713655 0.301308060486595
1463226840.57291 -3.40394323792076   7.5476099460809 -32.2265538479025 -0.0676235580677979 0.937204379737058 0.0849806255943506 0.331441244068265
1463226840.7151 -3.48081973507124  7.55151183311011  -32.299070518044 -0.0762808964341234 0.927648234293422 0.0746982941515224 0.357868890939622
1463226840.85735 -3.56764964284082  7.58566721505377  -32.373427741527 -0.0952197697089032 0.926321097080603 0.0688405437128282 0.357943291739479
1463226841.0007 -3.65063033246138  7.61523182386701 -32.4568964328245 -0.121732934326646 0.923681332424627 0.0479924241620054 0.360125833638112
1463226841.14462 -3.72207579106065   7.6181178054184 -32.5521101288926 -0.10198271652298 0.92965068472969 0.0259531167072065 0.353094273028315
1463226841.23944 -3.76954610790731   7.6215990268677 -32.6185673145428 -0.077591416758098 0.934577733270577 0.0403222503373475 0.344845108197917
1463226841.38147 -3.84701632012628  7.64145371229911 -32.7070295373318 -0.0658823787054639 0.935410509525188 0.0599712483430683 0.342155140569468
1463226841.52263 -3.92584191949778  7.66755825264139 -32.7957855812814 -0.0894611213536339 0.934055293618421 0.0384071386535503 0.34360196147578
1463226841.66395 -4.0019806722857 7.68142062289224 -32.902292504759 -0.0928572756938812 0.929709838364711 0.0273882695711089 0.355340717464905
1463226841.80896  -4.0570090257476  7.67368812953712 -32.9903357114957 -0.0880107287620827 0.928170528055658 0.0276221797929032 0.36054208860428
1463226841.94955 -4.10602651930452  7.67850719190713 -33.0746065963155 -0.0795330583744069 0.926981376769071 0.0131065064662298 0.366344427058991
1463226842.09573 -4.15731054180873  7.71011128817646 -33.1672086565863 -0.0650282799493697 0.921715576700191 -0.0172327611060607 0.381987893027674
1463226842.23565 -4.20855201664731  7.73019539311848 -33.2758848310542 -0.0845904706169816 0.919759848231545 -0.0191394690495521 0.382779250464787
1463226842.37472 -4.25940735657945  7.73170503314792 -33.3977460085457 -0.0791344370814594 0.920427362881913 -0.0231067143774871 0.3821220881822
1463226842.56626 -4.32098870639566   7.7486473003085 -33.5265300594812 -0.0645281108729318 0.923273216878958 -0.0189447900052882 0.378211296543092
1463226842.61183 -4.36515771868853  7.78022327868652 -33.6351292757695 -0.0577440616120992 0.921786783312936 -0.0255006100227395 0.382523814090832
1463226842.84911 -4.45147357150163  7.81546076051286 -33.7502879677426 -0.0709024718483011 0.919944027963386 -0.0164918074703418 0.385232196456452
1463226843.04118 -4.52765633930615  7.80769666635986 -33.8811108618635 -0.0824732041159174 0.916541478093096 -0.0128747072438421 0.391131859417209
1463226843.22862 -4.61113892651015  7.84787332686923 -34.0115690602928 -0.078946991185458 0.922936576742002 -0.0149693993869805 0.376472263223348
1463226843.37067 -4.67908984341402   7.8941726688457 -34.1234868558821 -0.100450264620643 0.926586490805796 0.0123934322116673 0.362206601585144
1463226843.56013 -4.76742846884552  7.89206955722854 -34.2730297662411 -0.101340157603725 0.935364308169955 0.00351965412640682 0.338838302872366
1463226843.75193 -4.85495747388943  7.91092285040986 -34.4401507858833 -0.0938009065948241 0.932387335056271 -0.00482211915553214 0.349044401925462
1463226843.89215 -4.92029855121931  7.95347661439042 -34.5367487282357 -0.096306108741676 0.921484691596574 0.00425367287528486 0.376261880661957
1463226844.13047 -5.03901182784886  7.96388651654911 -34.6874939553207 -0.0982362953890406 0.919046720543445 0.00437736482577403 0.381685203281131
1463226844.36652 -5.14726584063138   7.9800495335228 -34.8285241909649 -0.0871280493688001 0.920983583734626 0.00879870466219529 0.379632090715183
1463226844.55605 -5.24090514219659  8.02855752049349 -34.9651127217275 -0.117081216025187 0.917692992179072 0.0123604825982567 0.379445357633247
1463226844.74562 -5.33462956311431  8.02977202691384 -35.1006080789517 -0.123295189960156 0.92150649550298 0.0221039368825426 0.367607794874915
1463226844.94185 -5.42985829770119  8.03366298387522 -35.2184653418613 -0.117639259847847 0.926082109653144 0.0198676410599364 0.357963975228719
1463226845.12507  -5.5451756703143  8.07840257364428 -35.3368522744519 -0.116463700753738 0.923648767954181 0.0143242113748172 0.364834177170885
1463226845.31478 -5.66398751063695  8.07485443642249 -35.4431797868571 -0.109278084089184 0.914175806627611 -0.00476248755314126 0.390279660790644
1463226845.59993 -5.83124953238433  8.07305112491412  -35.588318071957 -0.108516768951553 0.908778267996932 -0.0161218938896135 0.402599372838836
1463226845.83645 -5.98953919709167  8.11164200349234 -35.7073017232354 -0.133501193342588 0.903399424224756 -0.018418837580157 0.40707205518026
1463226846.16863 -6.15463545974453  8.08910325709242 -35.8223087848887 -0.120097714627115 0.900403756928192 -0.00670685322879408 0.418096438122484
1463226846.50014 -6.34994233762631   8.0910761435756 -35.9051859728943 -0.106545199677562 0.889289751339728 -0.0170984793488325 0.444431660204076
1463226846.83343 -6.55225534958402  8.03187092213225 -35.9726873167824 -0.0961497285742931 0.877608812792275 -0.0197319277672735 0.469221325635367
1463226847.30652 -6.77867973133949  8.03722056528017 -36.1169812662953 -0.0767721187478943 0.873058987096816 -0.0216937622592836 0.481044101420523
1463226847.6857 -6.99465936192652  8.06158735818998 -36.2785741506112 -0.0811305779702232 0.863541767913596 -0.00736256112023426 0.497653732107607
1463226848.01827 -7.22139460731845  8.09220267454645 -36.4342484642479 -0.0859368242023066 0.859838496192467 -0.0256303310247884 0.502628798262753
1463226848.39707 -7.46809104964997  8.08939501939871 -36.6190377603091 -0.0906454298370765 0.861881213221135 -0.0274990453688362 0.498184687490411
1463226848.68146 -7.66597048515894  8.13983855385384 -36.7685617013071 -0.134012231402979 0.856691682487846 -0.0291567656217966 0.497262471949185
1463226848.96603 -7.84800645604437  8.12206960018395 -36.8749278728936 -0.109768081791066 0.869497196993729 -0.0305966005519881 0.480613608499199
1463226849.29915 -8.12783680803313  8.15178520533572 -36.9821775262415 -0.131087690429434 0.860875038130385 -0.0468924180744998 0.489398904033317
1463226849.58268 -8.35179506477436  8.13743992022594 -37.0796303740252 -0.126930558440967 0.878623115620781 -0.0627737455314922 0.456036742930483
1463226849.86817 -8.58919617021058  8.16526533552326 -37.1628585015794 -0.171666790929848 0.874802245176829 -0.066317360310704 0.44816688013155
1463226850.29383 -8.92293567997169  8.16129600486135 -37.2279985250167 -0.155804764744754 0.875589144624015 -0.0687649418715261 0.452039719348668
1463226850.72049 -9.27185152059957  8.14292563956061 -37.2848948137588 -0.156496208816188 0.88602595083634 -0.0720054339208952 0.430444152656977
1463226851.05572 -9.54099836761561  8.18022663213344 -37.3348900181927 -0.166214178904997 0.890244671906393 -0.0481624518213654 0.421328433775566
1463226851.28971 -9.73801142817938  8.15804713180591 -37.3735119461508 -0.149731085133807 0.912879605013717 -0.0299342880007377 0.378596575917613
1463226851.62139 -10.0244541341432  8.16857750151476 -37.4013593896017 -0.167955041392064 0.909125191808488 -0.0584059751466467 0.376657977158772
1463226851.8138 -10.1901676842993  8.16497051736633 -37.4226337934147 -0.180055788960101 0.917178358677149 0.00475245777852129 0.355445052548648
1463226851.95346  -10.280952642866  8.15877805147738 -37.4511716633827 -0.152134496377343 0.907133502649255 -0.0301043196278853 0.39122580861064
1463226852.09704 -10.3614370414817  8.18544073702033 -37.4847102891494 -0.110732831194131 0.889816248045039 -0.0355181667229145 0.441252472676839
1463226852.23913 -10.4424235850727  8.21148831107406 -37.5239078226102 -0.0817481850244908 0.866048907345371 -0.0523755640940026 0.490441968653708
1463226852.38014 -10.5270036501336   8.2275672920485 -37.5538299680501 -0.0477527495426058 0.832810592237505 -0.0245968940451835 0.550945718897486
1463226852.52243 -10.6202612007957  8.23409118182473 -37.5713135970693 -0.0478302622378247 0.797965522571721 0.0166261527588056 0.600572112111062
1463226852.71214 -10.7769880954147  8.25128050968429  -37.583878489419 -0.0626288848536547 0.772274102617393 0.0100558532507945 0.632114873281658
1463226852.9017 -10.9429426478594  8.25152298131041 -37.5746488230224 -0.0456954157862802 0.744279097772038 0.0330204563185015 0.665484938267034
1463226853.13974 -11.1351220424662   8.2106862192044 -37.5618172241736 0.00603137245057236 0.766228686204608 0.0318928162680975 0.641747669457405
1463226853.37654 -11.3465219296599  8.22386137631417   -37.55083933226 0.00564102523859698 0.777801434609806 0.00511051187870814 0.628463992462196
1463226853.71141 -11.6396022057056  8.16893156326329 -37.5184020506447 0.0521764200731472 0.791279616983906 -0.0122373680432128 0.609101334555695
1463226853.94507 -11.8706215341707  8.17321932611066 -37.4669488911855 0.00914657768788377 0.801616436196245 -0.027089132939565 0.597154593227929
1463226854.22962 -12.1197148147134   8.1479592784168 -37.3808280489837 0.0292938311258448 0.799818690263025 0.0244848371463677 0.599026232241815
1463226854.56156   -12.43521844441  8.16200611085881 -37.2921119674503 0.00490653103419437 0.815166949786507 0.01843348277502 0.578911890223163
1463226854.89541 -12.7291810649342  8.12036238293861 -37.1981154977627 0.0201948739895681 0.826198610320932 0.0556281456939218 0.560262021535427
1463226855.22703 -13.0322646198986   8.1026553816634 -37.0733185766269 0.000886995974376113 0.837307705055919 0.0663727936016239 0.542687453845809
1463226855.55726 -13.3091094079986   8.0519400595682 -36.9530520277195 0.000170989489598137 0.858049034322269 0.0700853712389257 0.508763074720952
1463226855.88942 -13.5906825549801  8.03706864252554 -36.8214983102747 0.0127982721672809 0.861199469828203 0.0776753585056338 0.502133663557997
1463226856.1309 -13.7924789238965  7.99602014306231  -36.735813774423 0.00276682078125654 0.881838156687789 0.0722616965664358 0.465974309722744
1463226856.41087 -14.0180258786383    7.962192171178 -36.5925317703274 -0.0213445480311579 0.881515102422098 0.0657041962002471 0.467074397792026
1463226856.74286 -14.2594753016164  7.91740337526913 -36.4462116949321 -0.0204652335134595 0.893205046120807 0.0688839646391301 0.443870385605034
1463226857.02936 -14.4900759731029  7.91338004438103 -36.3173435421145 -0.0311646654504764 0.898684690618266 0.0817008446549494 0.429790137693246
1463226857.26428    -14.6686034554   7.8698020896372 -36.2171776167759 -0.0153611018917884 0.902204478820385 0.0800198525216367 0.423542132671029
1463226857.54891 -14.8972611730988  7.85787765456488 -36.0793004971665 -0.0161038881729889 0.90051186716413 0.0778117645183457 0.427509498356265
1463226857.88187 -15.1645222520618  7.81341669993955 -35.9544132913961 -0.0158776572946371 0.908321200456746 0.0720715425084313 0.411711293942862
1463226858.11787 -15.368337650319 7.82038250661587 -35.856168744854 -0.0210597257574225 0.89666469392191 0.0846356019083816 0.434034249241411
1463226858.30764 -15.5240473032492  7.77885164064697 -35.7838980366001 -0.00656870297466969 0.905288964503505 0.0964655995306189 0.413646142247937
1463226858.49905 -15.6855907525037  7.76029788692379 -35.7063282509593 -0.0450993650187837 0.916446099385454 0.067308803455197 0.391870028419524
1463226858.68783 -15.8417649842061  7.74607226993638 -35.5842591260798 -0.0277227110162399 0.907915108922233 0.0855629288724662 0.409390512209802
1463226858.92399 -16.0150043200051  7.68815901747901 -35.4689982026807 -0.0161634660080367 0.918309379269017 0.0899623314110982 0.38516672395242
1463226859.11379 -16.1816298153496  7.68959873946531 -35.3702959917239 -0.0484622002875577 0.92833967613849 0.0824915248934367 0.359210257608447
1463226859.30359 -16.3450256783784  7.68844641226327 -35.2674962526025 -0.0429659847714601 0.927804896009168 0.115375283229028 0.352165505286728
1463226859.54061 -16.5247139535524  7.62836113990545 -35.1523256869471 -0.0305408415029715 0.940426899771327 0.0920896391470762 0.325858867530932
1463226859.73054 -16.6729074609364  7.61471781110638 -35.0372876963485 -0.0729061940062031 0.940087527867575 0.0780536508349432 0.323771145123677
1463226859.91986 -16.7975519373292   7.5771843221574  -34.916690188228 -0.0587925137375688 0.929076166085327 0.0902100524759268 0.353868710644072
1463226860.2045 -17.0009772069123   7.5513561201856 -34.7529352075803 -0.0610076139815705 0.927759706518555 0.10156287864632 0.353871416870526
1463226860.39416 -17.1664821530534  7.56531579365996  -34.637107311883 -0.0629187748272265 0.926241878894817 0.130627402301566 0.347927709910528
1463226860.63103 -17.3488172543893  7.50041965919658 -34.5155770076882 -0.0409771078728194 0.942110561638741 0.121846317595059 0.309680546963543
1463226860.86832 -17.5229821106798  7.47917994322004 -34.3856678860156 -0.0779325237726996 0.940346385128902 0.0982733066323958 0.31625552155964
1463226861.10789 -17.6742259126261  7.43749785396812 -34.2371165425893 -0.0638242853406521 0.932965994123572 0.117281031725351 0.33428442082635
1463226861.34347 -17.8431410725732  7.40866719568842 -34.0970335585202 -0.0726673728154841 0.935638777566939 0.116268556744145 0.325240147512223
1463226861.53206 -17.9912926225439  7.41547657601867  -33.980623788723 -0.0697048762268244 0.930943039229057 0.130450533933289 0.33386965441275
1463226861.77184 -18.1595412711094  7.35531695001601 -33.8616934159514 -0.0382744394158296 0.942388568529928 0.124718711680363 0.308032621889804
1463226861.96371 -18.3012164948895  7.32835415762943 -33.7622095726253 -0.0751779725430305 0.948437511795997 0.100202407512431 0.2911598121157
1463226862.14867  -18.426603177288  7.30662235737629 -33.6419227095009 -0.0722980343308575 0.941581658502692 0.118503664325369 0.306845003453982
1463226862.43317 -18.6126461742802  7.24224939810188 -33.4954227151776 -0.0548517247397352 0.950311943750266 0.10034817781855 0.289531934451389
1463226862.67049 -18.8036201551357  7.24414454978631 -33.3636278765054 -0.0666712249559106 0.948561637164171 0.100116042599889 0.292852430888739
1463226862.95671 -19.0200219408893  7.18083482260242  -33.219208222478 -0.0368518458824847 0.959227810592983 0.111288945578847 0.257174492187687
1463226863.14426  -19.174394547854  7.15867535227173 -33.1161810905584 -0.0837545981415467 0.963232241643188 0.0856491023221944 0.240485024940411
1463226863.33409  -19.309021430269  7.13820597023989 -32.9955544187304 -0.0763169638856369 0.960087158972259 0.0995526736025955 0.249995266712051
1463226863.57115 -19.4720161403045  7.09177779759892 -32.8623595369675 -0.0558723735471606 0.962029874540446 0.106574659281192 0.244987020809262
1463226863.76096 -19.6263385078244  7.08940733315456  -32.752658659669 -0.0783557736766776 0.963418747287264 0.0920107094954993 0.239204346626691
1463226863.95052  -19.772196024403  7.05931163389386 -32.6386899432899 -0.0746194005913086 0.963035204787629 0.117690823948484 0.230529844821384
1463226864.14405 -19.9091771849526  7.00298034088564 -32.5342372286024 -0.0654949815715467 0.97782361841632 0.0827662834313645 0.180889803424951
1463226864.2824 -20.0134311251335  6.99110300590308 -32.4392314922848 -0.103882110497172 0.975721368247063 0.0769874176421598 0.176774591470391
1463226864.472  -20.130729763291  6.96767351379931 -32.3065456075902 -0.0798446234747404 0.974942590476908 0.0993826873350607 0.182304313811864
1463226864.75672 -20.3098530871348  6.91551089574297 -32.1367693306206 -0.0797856997098184 0.976765465034194 0.107000835376862 0.167673163228356
1463226864.94631 -20.4510886403287  6.92266254281151 -32.0084218373423 -0.0818102201562952 0.973930246833046 0.12816029687545 0.168350528619599
1463226865.18343 -20.6109446707005  6.86375959809067  -31.868907040448 -0.0566241426949106 0.979592320169527 0.133970854293714 0.138724197344086
1463226865.37308  -20.743186514828  6.83022169720413 -31.7547982629136 -0.0749263581107431 0.986725236775513 0.101601019494352 0.102159585004427
1463226865.56506  -20.857396425318  6.81943393586268 -31.6191150043415 -0.0827141998522936 0.982453898988669 0.112909455820263 0.123264562186908
1463226865.84716 -21.0050894378982  6.75376915158465 -31.4498230425423 -0.0615961594811472 0.981217334438353 0.118767442967748 0.138970321384706
1463226866.08479 -21.1629442567307  6.76027060489271 -31.2857819192535 -0.0671789261575327 0.980079606545932 0.12670458857579 0.137393245637957
1463226866.32143 -21.3318286347795  6.72232017805088   -31.13719819544 -0.0269241783921184 0.982416574649139 0.136236493419621 0.124789343829064
1463226866.46369 -21.4459324732442  6.69090538209563 -31.0441081720889 -0.0338108317298397 0.98821873877674 0.130312545636766 0.0727955523223188
1463226866.5587 -21.5230994750301   6.6800985792076  -30.971017945635 -0.0555582373048597 0.99042480397589 0.121396400815826 0.0351411981278322
1463226866.7009 -21.6208593155482  6.66550087478994 -30.8603776006373 -0.0347091417770306 0.990531532914487 0.132793151023022 0.00292178379698085
1463226866.84309 -21.7175128436939  6.62860898849811   -30.75900236467 -0.0131241329261162 0.988658121238273 0.143146816677329 -0.0434955781625353
1463226866.98767  -21.806832951395  6.59792760147409 -30.6490456207593 -0.0158289599753875 0.982307133691496 0.165058637322289 -0.0870504759906863
1463226867.1275 -21.9044209923834  6.59765295692105 -30.5487208090267 -0.0188425472318712 0.980147104377286 0.163822899060473 -0.110084830644636
1463226867.22437  -21.978417088165  6.59734122837173 -30.4819979272559 -0.0321319093331405 0.978015636235215 0.152244231282642 -0.138833172272304
1463226867.36463 -22.0868935515452  6.57706619461664 -30.3819200559035 -0.0176316875957742 0.972364304409856 0.14341397167814 -0.183382703190795
1463226867.50687 -22.1843194683925  6.53268736206622  -30.291377021657 -0.0156400923335646 0.969559483975959 0.138729265494248 -0.201156619178925
1463226867.6492  -22.284571868884  6.50245618874971 -30.1877246538349 -0.0428156699930427 0.964662254808016 0.112563306608372 -0.234356682339446
1463226867.79141 -22.3762796630224  6.48512201406458 -30.0738469993468 -0.0784867839497225 0.963226283525459 0.105704621071438 -0.23422528590036
1463226867.9811 -22.4824284839014  6.44239580056048 -29.9423872685088 -0.0584194243110923 0.965359017881623 0.107607230700061 -0.230412285607458
1463226868.17278 -22.5935656454237  6.40742702938301 -29.8110999590633 -0.0363033046547765 0.962842135160266 0.115134449730807 -0.241580527601763
1463226868.31314 -22.6979707100399  6.39473030872629 -29.7029163645473 -0.0634376437599534 0.956285112372556 0.0979536072100617 -0.268140895880002
1463226868.41233   -22.77071671423  6.37719019969752 -29.6252374614378 -0.0813049905741245 0.948712228225101 0.085381301948938 -0.293333666327972
1463226868.50274 -22.8368735741417  6.34987331620657 -29.5478459750813 -0.0915477527741082 0.937927669565545 0.107660761534034 -0.31673309907755
1463226868.64687 -22.9292642688237  6.30107514791745 -29.4342140843068 -0.0784800651268863 0.924405573323545 0.113740738390478 -0.355497200855979
1463226868.7398  -22.992310097755   6.2811790781094 -29.3533697965285 -0.0791484485652977 0.911715193952209 0.105890201809059 -0.388970684457362
1463226868.88422  -23.081418521093  6.26683325597053 -29.2329867707457 -0.102762945095676 0.902353089589644 0.0904651985978943 -0.408674352836009
1463226869.02547 -23.1603443708662      6.2395660417 -29.1171374120606 -0.127167183571641 0.893500967026184 0.0845126426740034 -0.422305745371746
1463226869.16701 -23.2298709038525  6.20841523874498 -29.0099338158761 -0.103614591900671 0.884251960658759 0.108973014506787 -0.442139535130823
1463226869.31219 -23.3033441886522  6.19481288625499 -28.8971776211038 -0.0761549510456575 0.870707493624469 0.118994686212209 -0.471072339063426
1463226869.45117 -23.3919107821844  6.18587558727602 -28.7686119790286 0.109893885432084 -0.849096202436673 -0.125295747700713 0.50125836507771
1463226869.59637 -23.4819553223718  6.15647127131495 -28.6435308585611 0.137736933074944 -0.827404737067869 -0.129439627234463 0.52884338063945
1463226869.68811 -23.5361749095635  6.12311956239989 -28.5624245821572 0.135314324556133 -0.811178819555418 -0.118890281589981 0.556366836914326
1463226869.83357 -23.6122514979679  6.08283127477154 -28.4450010481687 0.122894176261979 -0.794469994727128 -0.119530455006873 0.582603569543663
1463226869.97277 -23.6904680473208  6.06767298660146 -28.3208941103698 0.137205718259113 -0.775164254839399 -0.111722751688295 0.606475882168018
1463226870.11577 -23.7671770067033  6.04264473544789 -28.1992297026063 0.162004844011274 -0.758612371857712 -0.0858357638842807 0.625215100121311
1463226870.2579 -23.8321155711926  6.00648886566582 -28.0901136231964 0.150155221052725 -0.748643195369818 -0.116619113059744 0.635127355800578
1463226870.40023 -23.8953376043423  5.97769991783308 -27.9817965718441 0.132753557277867 -0.734819277839092 -0.12833792331217 0.652645768687752
1463226870.5417  -23.969812769357  5.97648042835762 -27.8631563871164 0.131380421856617 -0.720283267412886 -0.134110191213886 0.667791626220612
1463226870.68392 -24.0565004176373  5.97843338346733  -27.743250658814 0.129067809765048 -0.706902368890798 -0.147863032061604 0.679534447315646
1463226870.82623 -24.1342388753159  5.95481960364757  -27.625905216731 0.113929532539575 -0.691394668963807 -0.157749234396174 0.695779169270799
1463226870.9686 -24.2003993597516  5.92252900119907 -27.5122739360309 0.084485683898872 -0.664287295810175 -0.147682259096228 0.727856104040887
1463226871.06329 -24.2456796102867  5.90872628842631 -27.4280144936264 0.0897698901867561 -0.636495724189812 -0.136106334112972 0.753849869482162
1463226871.20549 -24.3189558461071  5.89570654878775 -27.2992281040307 0.105139661082365 -0.619608413561715 -0.121361494352774 0.768311429824835
1463226871.34797 -24.3778273701086  5.86162165911479 -27.1845244475918 0.118735824814679 -0.627672685450764 -0.117055563770771 0.760412255842126
1463226871.4926 -24.424425780567 5.81761517298954 -27.071547973104 0.108789987672153 -0.603052499155638 -0.120972260686168 0.780934141902446
1463226871.58494 -24.4586877643383   5.8022950019309 -26.9926809490539 0.0975413236875603 -0.587326364979541 -0.131667324689018 0.792588888884038
1463226871.72715 -24.5251285654936  5.79453280889706 -26.8633664470245 0.109389951029496 -0.578322382933092 -0.13091533975783 0.797770790282802
1463226871.86985 -24.5846677556909  5.77436505505844 -26.7281028794293 0.118023561188431 -0.565678031088801 -0.14031135387522 0.803984781026109
1463226872.01177 -24.6255783291931  5.72906134267839 -26.6017743777427 0.101773490027606 -0.544827279467586 -0.14001498978884 0.820488388040916
1463226872.10656 -24.6493316726577  5.70389991461987 -26.5163783020782 0.087161275727008 -0.520765347575514 -0.133875343116716 0.838620150773625
1463226872.24892 -24.6883724848723   5.6863304684337 -26.3792068331982 0.0970832972194596 -0.494461449660706 -0.123177950081178 0.854932687884976
1463226872.34365 -24.7120952067533   5.6798808996114 -26.2856947977957 0.108257078680932 -0.489565586260408 -0.119593043944113 0.856915074849985
1463226872.48591 -24.7442675744298  5.64863349623464 -26.1627523100038 0.127808925454603 -0.503282832048525 -0.123247422395021 0.845683949482511
1463226872.6281 -24.7709722876268  5.60281839435209 -26.0539080262568 0.117276570019821 -0.50568427934294 -0.146808429045947 0.842007660838581
1463226872.77051 -24.8004649144945  5.57547703930134 -25.9407962275969 0.100416651094961 -0.502601423017208 -0.142331307576547 0.846788110832634
1463226872.91291 -24.8414906382019  5.55710486807408 -25.8130007194769 0.134071950072693 -0.48252201539487 -0.143478984024162 0.853587135567525
1463226873.00748   -24.86858733326  5.53611131499269 -25.7290614897169 0.157497613142455 -0.47137740190751 -0.135132466738415 0.857168048435396
1463226873.14986  -24.900734352786  5.48540751211912 -25.6108850343583 0.16148678361324 -0.453893964719446 -0.125219358004109 0.867307557842402
1463226873.29209  -24.926443705098  5.43672279224792 -25.4962399305113 0.148252036665366 -0.429108208307758 -0.0949514371266978 0.885929852626635
1463226873.48165 -24.9655594285781  5.41300071090422 -25.3276922528692 0.159891773042973 -0.417548125815803 -0.0908676749350081 0.889849003591503
1463226873.62541 -24.9893312652772  5.39064907312296 -25.2079249811307 0.160813313851948 -0.431149900813343 -0.102437018719484 0.88190447232819
1463226873.76631 -25.0051193290946  5.35633358338082 -25.0880737398979 0.139062973515305 -0.413099461134418 -0.130470546731495 0.890498602493637
1463226873.90851 -25.0207687091844  5.32809158817815 -24.9645048246616 0.119016391193547 -0.390729356434868 -0.12180896594338 0.90461497028463
1463226874.00326 -25.0328787817533  5.32100086738186 -24.8709189520806 0.118563989804741 -0.368769509978524 -0.117834235760879 0.914366841981067
1463226874.10163 -25.0453025512998  5.31348709782751 -24.7758711555402 0.125655882336816 -0.344074001559239 -0.115268159995339 0.923329265200913
1463226874.19297 -25.0561480555799  5.29537863496365 -24.6792021939389 0.122191914344674 -0.316558093740366 -0.112632368247775 0.933902596087594
1463226874.28806   -25.06259606381  5.26341492300223 -24.5882831093526 0.125520024522395 -0.285663686858512 -0.102633744426821 0.944514317498273
1463226874.38469  -25.067471502422  5.22836866634546 -24.5027539193932 0.116427889729607 -0.2623222053573 -0.0908625381360634 0.953611873999619
1463226874.52528 -25.0737916469606  5.19414822990304 -24.3781309993647 0.110989379559194 -0.233998435306181 -0.0776010920347805 0.962758620015595
1463226874.66729 -25.0826474824201  5.17799048340864  -24.247757663822 0.123370576443006 -0.214865282098982 -0.0641131060236219 0.966696498934722
1463226874.80951 -25.0848987782016  5.14700938328472 -24.1271873424349 0.129086893855641 -0.201311123887903 -0.0666039349206876 0.968697228801018
1463226874.95176 -25.0870998829791  5.10367429486701 -24.0201525577049 0.128522534444313 -0.195475867145044 -0.064032436752277 0.970139675792857
1463226875.09478 -25.0934901520795  5.08206093927701 -23.9079233574831 0.10414082242391 -0.177661505378852 -0.064659199271842 0.976427297119922
1463226875.23615 -25.1016813888477  5.07379236843146 -23.7790800503628 0.103097785377101 -0.148024305080624 -0.064918603417371 0.981450572716769
1463226875.37873 -25.1072781271781  5.04819963114996 -23.6534898215538 0.109661862264027 -0.114427639767892 -0.0690162402831974 0.984945353712127
1463226875.47331 -25.1051973918524  5.01941738922247 -23.5734339312304 0.105145621740345 -0.0778086273191436 -0.0584603976710947 0.989683079398493
1463226875.61567 -25.0975532103977  4.97491106423834 -23.4608983233646 0.102290376974395 -0.0434808146847631 -0.0432500485847536 0.992862291977192
1463226875.76277 -25.0890923670941  4.95621137505693 -23.3393914578403 0.0850490165486147 -0.0296475896054648 -0.0378481778668441 0.995216157750094
1463226875.85472 -25.0863764925303  4.94701377001383  -23.253546703655 0.0871732025888169 -0.0213701507792478 -0.0358985224636965 0.995316756360007
1463226875.99691 -25.0896854706788  4.92446189131092 -23.1318000454973 0.068292556095736 -0.0258928265704101 -0.0467604997544045 0.996232474865593
1463226876.08975 -25.0942633912403  4.89740856888206 -23.0624497487332 0.065199869170673 -0.0362748681274723 -0.0576903785958878 0.995542531095445
1463226876.23292 -25.0988148156572  4.86325117530067  -22.958227759531 0.056389735987908 -0.0478398492194306 -0.0692413855828691 0.994855354825233
1463226876.32796 -25.0951714705449  4.84887053524379 -22.8785074891965 0.0643059883995788 -0.0342867648026321 -0.0749346359771719 0.99452197459196
1463226876.4218 -25.0906973889259  4.83498216247563 -22.7937484693789 0.0733511095212059 -0.0143609041835967 -0.0775608998505425 0.994181917949332
1463226876.5166 -25.0903408678966  4.81366941598909 -22.7123500158577 0.0881973536976354 0.00173572629532417 -0.0850846155539707 0.992460992810798
1463226876.65883 -25.0897742569206  4.77195331286282 -22.5969390037782 0.074690001812369 0.0091492456082803 -0.084897402073971 0.993544224508984
1463226876.80111 -25.0890336656236  4.73167694338103 -22.4859310363187 0.0634550199561464 0.0053483189503421 -0.0865941493609319 0.994206371546284
1463226876.94324 -25.0891316688401  4.69942307044641 -22.3650636414561 0.0826451511868989 0.00896378244748501 -0.0859706541238054 0.992823486939674
1463226877.08552 -25.0950675683062  4.66521352825508 -22.2443389933749 0.0981410349144541 0.00872489697552539 -0.0943702934232077 0.990649514792141
1463226877.22784 -25.1089056620674  4.62278325421133 -22.1397413991349 0.0877941652694918 -0.00516001134119508 -0.111139567002985 0.989905831619342
1463226877.37014 -25.1308603280914  4.58381385337919 -22.0437959683943 0.076228044340147 -0.0101146607363899 -0.120068052492177 0.989783128601918
1463226877.51233 -25.1624073456357  4.56065207923431 -21.9372530814405 0.0928555004211351 0.00162811150065651 -0.101904187421559 0.990449767469524
1463226877.60717 -25.1888476442412  4.54989011506796 -21.8637848937945 0.0873134005842549 0.0120401533434922 -0.120348218886204 0.98881126156451
1463226877.70206 -25.2173389748863  4.53366925565889 -21.7954755613625 0.0845739727884027 0.0102888497095367 -0.121895685988863 0.988879580351291
1463226877.79734 -25.2466082551493  4.51169586479512 -21.7310994196778 0.0805119150371495 0.00494012733181742 -0.112813279463361 0.990336604723726
1463226877.89377 -25.2773289479869  4.48741903986108 -21.6714404530577 0.0788987720598713 -0.006944764953978 -0.118471372876816 0.989793558180624
1463226877.98652 -25.3070428777228  4.47050997748697 -21.6121328000259 0.0792451405167049 -0.0129124837237204 -0.122432262914834 0.989223845479943
1463226878.08183 -25.3396465263241  4.46197826150866 -21.5501225202076 0.0780839394392039 -0.01697758889753 -0.126805991742525 0.988703646364812
1463226878.17752 -25.3808235126175  4.45328547145309 -21.4862658113341 0.085243394677544 -0.0313916156458311 -0.138950054557367 0.986124237847087
1463226878.27102 -25.4274215659438  4.44118607992038 -21.4277466440403 0.0933405202902454 -0.0578032677715977 -0.140454038025399 0.98398119530265
1463226878.36779 -25.4735101573766  4.42475662879936 -21.3769099488681 0.10180139313186 -0.0752485406217303 -0.146022658888132 0.981148060479127
1463226878.46207 -25.5243770032309  4.40955289376448 -21.3344454867293 0.0968413738199765 -0.111352960710565 -0.154476398552077 0.976913153124693
1463226878.5555   -25.57292105146  4.39800278498091 -21.2917119356826 0.0946845121987988 -0.138902458226869 -0.153006973088257 0.973822271482111
1463226878.65096 -25.6242331474886  4.39267138370101 -21.2455439458922 0.106620165427434 -0.151887881542117 -0.143679389953433 0.972069156319387
1463226878.74537 -25.6787605429011  4.39943915567984 -21.1954923255406 0.108157966780584 -0.169227583285967 -0.146810936239203 0.968561009063265
1463226878.84353 -25.7357878109281  4.40711954891902 -21.1466060939331 0.125738215006557 -0.185123421659832 -0.157768703071822 0.961783892759156
1463226878.98238 -25.8176437474801   4.4179526793143 -21.0759768712408 0.140019793889841 -0.191612149081169 -0.165442427411729 0.957239805302546
1463226879.12507 -25.8969849278179  4.41374442383906 -21.0109948466404 0.147554546087674 -0.217049109278039 -0.152509217842041 0.952815973083826
1463226879.26679 -25.9846147895074  4.41042219397603 -20.9398415242644 0.114892422939037 -0.24084989458626 -0.153609838965509 0.951417404088224
1463226879.40936 -26.0741424328636  4.41086495803451 -20.8741289879176 0.110721181912105 -0.264525072916398 -0.144057372874894 0.947108641600817
1463226879.59883 -26.1916599171165  4.39868172211877 -20.8109244093626 0.116886534861826 -0.292072601976703 -0.1455724687663 0.937997755583583
1463226879.74149 -26.2864031501925  4.39991517076707  -20.769563357087 0.113809336835339 -0.328366873218504 -0.161139508032774 0.923718945552574
1463226879.83626 -26.3563699529235  4.41540616351124 -20.7393991151149 0.108502895392128 -0.380495396205058 -0.18622116811252 0.899317547757792
1463226879.97824 -26.4621953227689  4.43071383822049 -20.6821062295574 0.119741848010175 -0.403746207768684 -0.19124820922402 0.886608714155303
1463226880.12035  -26.558632378228  4.43295872897072 -20.6293431776979 0.0913112584347722 -0.446720154101824 -0.186977604049834 0.870139490878379
1463226880.26576 -26.6454932338807  4.42369485139505 -20.5823426349737 0.0664865690654385 -0.480338370180482 -0.178259354490508 0.856199853306979
1463226880.40506 -26.7392508310885  4.41861967270285 -20.5294852160447 0.0801290038621842 -0.50986595100057 -0.173096524483468 0.838840657075039
1463226880.54716  -26.833728674863   4.4089328415233 -20.4815049028409 0.103685969578789 -0.544018185564689 -0.152300404466779 0.818595150417265
1463226880.64218 -26.8916560285727  4.39792268806437 -20.4557548165575 0.116082945874064 -0.574380790451084 -0.163769885490882 0.793593650330123
1463226880.78494 -26.9693018853967  4.38330040157476 -20.4144344560023 0.112045000279076 -0.60007005326319 -0.197091937695888 0.767148367126239
1463226880.92655 -27.0470996158908  4.37855964674784 -20.3688060210667 0.102455727214064 -0.611323793792765 -0.201980850061657 0.758280805053265
1463226881.06922 -27.1371850491337  4.37778768046288 -20.3028918846054 0.119920712848814 -0.610939846343022 -0.204000185641668 0.755483587537388
1463226881.21349 -27.2175019180964  4.36216255394992 -20.2275300299991 0.131879745923687 -0.584835392706432 -0.187831824203121 0.778006749244211
1463226881.40068 -27.2996189206482      4.3232898109 -20.1434292105962 0.145152178677023 -0.586043255266416 -0.167265326837825 0.779427006473276
1463226881.59056 -27.3600811981745  4.31561786410576 -20.0516346485904 0.153722989778941 -0.569077760302915 -0.155896832703809 0.792600733468599
1463226881.82893 -27.4226622137241   4.3518900391483 -19.9057640951281 0.166440127795149 -0.572335269721421 -0.165975946564937 0.785609322789843
1463226882.01718  -27.465500702762  4.35761456452424 -19.7994463429942 0.207674748427204 -0.585080719474439 -0.187994418762852 0.761058374291347
1463226882.20912 -27.5125562994882  4.34523291749506 -19.7088374827644 0.162595032006493 -0.629019089952233 -0.184336518482514 0.737507890124722
1463226882.40247 -27.558187704374 4.33144383819937 -19.563544017596 0.148489785441039 -0.628568519886621 -0.160063589578676 0.746479769798489
1463226882.49141 -27.5834853595894  4.31849241899551 -19.4782404363397 0.180999834284294 -0.614433768190435 -0.160850910667447 0.750890930184813
1463226882.63537 -27.6112238989619  4.27064094521826 -19.3475711192255 0.197418646059735 -0.578207475172407 -0.13392460906359 0.780234703746159
1463226882.72866 -27.6237825128376  4.23486365928197  -19.257600040108 0.206047662015948 -0.553966989536164 -0.135769213865391 0.795129961734794
1463226882.873 -27.6441330134666  4.21128709596304 -19.1122156700223 0.187751815872177 -0.533694749620329 -0.167195444004048 0.807443405675397
1463226882.96552 -27.6498168292367  4.19563447299672 -19.0091203924026 0.190322935771028 -0.506338818736802 -0.148566779439638 0.827844244291552
1463226883.11012  -27.659139266542  4.15945838345029 -18.8640158134818 0.17693222579991 -0.494577028829112 -0.126851951150685 0.841425654777249
1463226883.25027 -27.6605737884935  4.10728670289451 -18.7345214082622 0.171470313783334 -0.472444986452634 -0.126486647217025 0.855216226660025
1463226883.39247 -27.6559696624602  4.06158826750564 -18.6065955914091 0.172728876904884 -0.448394150076688 -0.12317340442401 0.868294727441542
1463226883.53462 -27.6531885671169  4.04365786466204 -18.4650351699597 0.182992390362962 -0.41023976369811 -0.114729205573845 0.886032917412532
1463226883.67701 -27.6446150063828  4.02325746260715 -18.3194066354799 0.185540552664393 -0.377079149530887 -0.11993308251085 0.899445425818321
1463226883.82187 -27.6326961155895  3.97961938818253 -18.1888258706103 0.173435228486438 -0.355904925779074 -0.128794032195327 0.909210648088174
1463226883.96148 -27.6175488005633  3.93680882644558 -18.0691079965564 0.160043866134392 -0.340635717581543 -0.117822499215923 0.918951101799752
1463226884.10362 -27.5996089022257  3.91695698609971 -17.9382638144039 0.176566683295305 -0.317308769712352 -0.114418612970163 0.924687910605364
1463226884.24693 -27.5795089750101  3.89467788212171 -17.8098998694387 0.190370008550128 -0.320640001602281 -0.107003772844954 0.921682939960407
1463226884.38811 -27.5546054398391  3.85404450575193 -17.6930552054271 0.17708541575001 -0.316942669083406 -0.100391234633431 0.926342107459069
1463226884.53244 -27.5309561373437  3.81056312820245 -17.5813313262246 0.169039310126997 -0.303653182809976 -0.101306353611484 0.932178887831678
1463226884.67398 -27.5070985377644  3.78643981954449 -17.4491871685102 0.1868886984681 -0.264501685993231 -0.0853986513393557 0.942241233889208
1463226884.81807 -27.4895834275891  3.75888882122944 -17.3074779243983 0.211993146603574 -0.232240876656507 -0.085482410776952 0.945418340445484
1463226884.95967  -27.471481585453  3.70608508165722 -17.1750849545581 0.215799867363596 -0.213279289663988 -0.0946378257411649 0.948148745601271
1463226885.10017 -27.4612430881279  3.64898632006584 -17.0587918469189 0.218656039429597 -0.203447807965656 -0.0827069065244073 0.950767107901875
1463226885.24366  -27.444164238994   3.6067153640576 -16.9330886293572 0.256530247400018 -0.196431943223184 -0.0690405995435466 0.94384327060435
1463226885.43145 -27.4229711153194  3.56841478818995 -16.7760732301933 0.279504634207178 -0.214770729958686 -0.0739305906327464 0.932890647813782
1463226885.52627 -27.4140964159833  3.54101608723472 -16.7099358017389 0.281405213004723 -0.234902735029601 -0.0894194818522091 0.926086371476582
1463226885.76327 -27.3965529205624  3.49847755671257 -16.5314602942057 0.24866809640742 -0.257090164267257 -0.0949953191273491 0.929001999249753
1463226886.00042 -27.3762892138949  3.49435063347126 -16.3111756213737 0.210735860933165 -0.251025216563095 -0.120797243798751 0.937008411625442
1463226886.14275 -27.3557530311367   3.4630067516299 -16.1870971887518 0.187344708467571 -0.233376039132971 -0.12535323078008 0.94589859504114
1463226886.3324 -27.3254546013135  3.43830997931793 -16.0261756406045 0.161204801787133 -0.213986097396816 -0.110608878506687 0.957072953330698
1463226886.52212 -27.2867010092236   3.4346860935077 -15.8428917684631 0.1350778659517 -0.193608193960472 -0.129906069364282 0.963013110244934
1463226886.71174 -27.2521740922885  3.37654796802328 -15.6796751824509 0.135257177865111 -0.205905671748102 -0.119610820612236 0.961770035803984
1463226886.90372 -27.2237094687011  3.33463772551672 -15.5207973507207 0.120643956590617 -0.207831008280521 -0.12422140230136 0.962715093340468
1463226887.04357 -27.2148511307956  3.32612347424336 -15.3948102405835 0.13033475247975 -0.207003227307814 -0.126268356111475 0.961363000341233
1463226887.18595 -27.2050002359467  3.29934427592902 -15.2552680295318 0.139849465445307 -0.203812011208506 -0.126428044363027 0.960686598584755
1463226887.32814 -27.1910342131981  3.25999260371209 -15.1248997424876 0.12152036788725 -0.200312838585594 -0.130323325221363 0.963391611853444
1463226887.47054 -27.1747509409709   3.2376156516555  -14.993463873922 0.1022238524815 -0.192238233315871 -0.127193517112237 0.967686186136835
1463226887.61443 -27.1617204864225  3.21757409282076 -14.8526711769707 0.128675578273476 -0.188974829115954 -0.122135448825663 0.965822986709644
1463226887.7075 -27.1547934800182  3.19110311701064 -14.7616597928721 0.148661762220088 -0.197544470932198 -0.106994669055033 0.963030634638141
1463226887.8524 -27.1398199475732  3.13747614739061 -14.6370943935885 0.149924689639336 -0.207882926845517 -0.133040109153996 0.957396263581064
1463226887.99218  -27.125504376313  3.09822575637372 -14.5114812183335 0.147115631791684 -0.216352808844157 -0.155930168347276 0.95248844380757
1463226888.13477 -27.1131271373212  3.08790648716598 -14.3719470753108 0.159253292392094 -0.199338418646729 -0.141274432570147 0.956527113267409
1463226888.2768 -27.1098860060445   3.0634258950101 -14.2262234305029 0.15001991429638 -0.206194074876385 -0.160662255536945 0.95350179257627
1463226888.42051 -27.0999309303088  3.01176939147412 -14.0957535124986 0.148628284248626 -0.210258985573148 -0.150716106298807 0.954455576446168
1463226888.5659 -27.0789672778681  2.98299029711609 -13.9592769954599 0.126970728747916 -0.191646250794554 -0.127349633748885 0.96484828827212
1463226888.70404 -27.0584080152285  2.96471261853067 -13.8184395218186 0.147431773093812 -0.186760649830658 -0.114148017739024 0.964548890416394
1463226888.84554 -27.0413982829819  2.93166323597545 -13.7078439688074 0.15230899656091 -0.204967434302709 -0.105820933003814 0.961037070346496
1463226889.03695 -27.0107831812828  2.88007086946914 -13.5491167711863 0.126279996131282 -0.207962828266543 -0.127083883273579 0.961589575259929
1463226889.17743 -26.9885271661828  2.87039321280122 -13.4118888063161 0.110231613117688 -0.191063335496141 -0.132958380435019 0.966263867880124
1463226889.32295 -26.9759242196543  2.85305469878154 -13.2636970110077 0.129844330693608 -0.18755094850181 -0.139399916132712 0.963604044659939
1463226889.46197 -26.9637942159357  2.81078774359612 -13.1270761614598 0.122285683869285 -0.197126477535694 -0.151888345552431 0.960789932222615
1463226889.60447 -26.941280715849 2.77547238770176 -12.994335970953 0.0868826759967901 -0.19142156079673 -0.139039114092192 0.967717578338969
1463226889.75017 -26.9175070125013  2.75462677840686 -12.8530269644688 0.105540629342995 -0.177227663842296 -0.132483578190023 0.969484209379841
1463226889.88935 -26.8910681010178  2.72300763834408 -12.7136233843765 0.125570304834519 -0.164839151066972 -0.107134336513139 0.972410606050333
1463226890.03104 -26.8684526811432  2.67311052123258 -12.5905907704261 0.120651033338488 -0.186968031156521 -0.13591607391478 0.96540825785333
1463226890.17634 -26.8447683670417  2.63776327007772  -12.466096048309 0.11410906041521 -0.195666229393034 -0.142381645463764 0.963546218944012
1463226890.31556 -26.8243875941142  2.62802211459073 -12.3402267261868 0.122900848347423 -0.185240926400403 -0.136871428409631 0.96532242942289
1463226890.46 -26.8071886645283  2.59909299665851 -12.1899814623023 0.124771614520978 -0.191007427113055 -0.147163486612559 0.962440187858713
1463226890.55264 -26.7883730262089  2.55939157412587  -12.098856264213 0.139156482607396 -0.175812974142654 -0.138738758426053 0.964612268417653
1463226890.69703 -26.7542625150791  2.51697165086082 -11.9652131584572 0.119551249327774 -0.162688305042049 -0.121158483078992 0.97188509411592
1463226890.83722 -26.7127864851069  2.50240365687523 -11.8214011621041 0.123588183429944 -0.141939596378575 -0.117655005561889 0.975057132460763
1463226890.97933  -26.676058252427  2.48101148455536 -11.6865980691397 0.128470875958963 -0.157396628005878 -0.115576453374648 0.972298112179621
1463226891.12169  -26.639854764166  2.44334561476348 -11.5674438156418 0.107625990699464 -0.166269821338789 -0.125064081843747 0.972177950825108
1463226891.26526 -26.6099052162632   2.4228358272438 -11.4443953745372 0.0815500405661772 -0.18733413430368 -0.138289270436585 0.969088020094389
1463226891.4082 -26.5776829382041  2.41113656121685 -11.3042952301547 0.0924191774238535 -0.173612988866049 -0.133185372139737 0.971379885724064
1463226891.50102 -26.5587206811911   2.3887587919684 -11.2090741730703 0.113472022464912 -0.167436378268835 -0.136249428525438 0.969806811987021
1463226891.64547  -26.524209488593  2.33736550650078 -11.0789522792259 0.110338084565235 -0.158833416384652 -0.144299994629441 0.970450907817597
1463226891.78559 -26.4863776727384  2.29714779323712 -10.9498680588237 0.100742177152211 -0.157153560350716 -0.139033942825977 0.972534490367303
1463226891.88188 -26.4572215491453   2.2837141566808 -10.8560897415685 0.11557257011228 -0.146453158260787 -0.131194011753595 0.973643972277896
1463226892.0227 -26.4094833033883  2.25819624321494 -10.7216558499287 0.138451205155432 -0.148537901724042 -0.115420967694812 0.972340349753532
1463226892.16502 -26.3625772649014  2.21213992575814 -10.6039199909669 0.139758679725564 -0.155220654431582 -0.130261741958319 0.969229559217621
1463226892.30728 -26.3156756628332  2.17760285781818 -10.4834501321707 0.114533112287485 -0.150984004155779 -0.139024454330908 0.971986727160831
1463226892.44936 -26.2681788316083   2.1632814797943 -10.3465897372068 0.124816760880079 -0.128183798669194 -0.127340818098372 0.975589055908367
1463226892.5943 -26.2242645196513  2.14155920662411 -10.1978568778605 0.134672641959855 -0.103877300401011 -0.125547237123047 0.977399957652813
1463226892.7339 -26.1724749400651  2.09521626526815 -10.0608212743254 0.116812318145073 -0.0737196182308861 -0.122349814775847 0.982827972252409
1463226892.87619 -26.1242022377757   2.0647227144181 -9.91826477552783 0.0837640439439037 -0.0495169383154139 -0.0964211965725487 0.990572869915964
1463226893.01854 -26.0741859934894   2.0487719781169 -9.76920000496415 0.0901610357341634 -0.02109698255399 -0.0803648213332585 0.992455238514329
1463226893.20802 -26.0196533571316  2.00234960860583 -9.59629025578123 0.108128423847126 -0.0355210400861027 -0.0783388290549514 0.990408767898304
1463226893.39777 -25.9815905622086  1.95006045023972 -9.44548405764412 0.101671648521332 -0.0521286026249736 -0.0922004902660148 0.989163562951057
1463226893.54224 -25.9640733495269  1.93531611034867 -9.31668294852344 0.123141020953311 -0.0695826012458486 -0.102475713569339 0.98462849780559
1463226893.68236 -25.9475520801956  1.90586479818691 -9.17995516842767 0.146151607205154 -0.0925578109129286 -0.108966530104031 0.978876424615204
1463226893.82474 -25.9234657161191  1.85913776881931 -9.05481999933659 0.133547591681969 -0.0976102074829627 -0.112004111647076 0.979843031880734
1463226893.96702 -25.8996655100714  1.81826441683631 -8.92898986729837 0.13362790365758 -0.109374925890906 -0.112271740767363 0.978558002969423
1463226894.10911  -25.875966204863  1.79525548034957 -8.79306861822185 0.162524879207631 -0.118761461710878 -0.108116243519118 0.973546227324699
1463226894.25342 -25.8515113360216  1.76416963754667 -8.66242356947829 0.164562230065202 -0.145602546470331 -0.0968456113485243 0.970742034971111
1463226894.44098 -25.8127881046598   1.7105796656303 -8.50404414094752 0.147574867475721 -0.149327028570021 -0.11038431042166 0.971461991557419
1463226894.63073 -25.7866463932787  1.69635788836778 -8.33941924858975 0.154976302222551 -0.16813356448795 -0.124858347960161 0.96546560953079
1463226894.82058 -25.7612430131167  1.65244556063896 -8.15076551263175 0.161952685467181 -0.171267835390764 -0.139498019021867 0.961758264284485
1463226895.0113 -25.7241114453625  1.58726442123471  -7.9835544603422 0.159439638186246 -0.172326779954846 -0.124588661165436 0.964033271310922
1463226895.20216 -25.6759084550005  1.55883130157869 -7.80715860389683 0.179552220493979 -0.172076194795617 -0.118315869289948 0.961328319760999
1463226895.34211 -25.6357376772494  1.52242902238987  -7.6872699625326 0.200140928861475 -0.185275922963652 -0.10787187954145 0.956023063826719
1463226895.53174 -25.5902172108751   1.4708243871518 -7.53717239129377 0.184252329888187 -0.211625303266349 -0.128230026580588 0.951221777626722
1463226895.72137 -25.5449194929507  1.46013592041353 -7.36635695730114 0.171866439576131 -0.232055724926772 -0.134722174466234 0.947872355954758
1463226895.91467 -25.5028045911111  1.43159650773831 -7.18286287836828 0.1721694738425 -0.236380638138157 -0.150597876378373 0.94435276555984
1463226896.05525 -25.4603763062577   1.3823033685975 -7.05832016955519 0.173515674528125 -0.225269377736857 -0.138951988361992 0.948598104086946
1463226896.24298 -25.3977220622382  1.35596709572062 -6.88314739154583 0.161673286153423 -0.213364089766014 -0.13697505403531 0.953716597483077
1463226896.43277 -25.3283580949122  1.32415932568457 -6.70689277060501 0.167309601445636 -0.221153659856414 -0.117210963286197 0.953603767862595
1463226896.62441 -25.2602981797405  1.27183136201717 -6.54747282780723 0.149860851096636 -0.216054397748242 -0.125979466725996 0.956551826345896
1463226896.81325 -25.1994175870675  1.26130105206988 -6.37556881828329 0.13600369244683 -0.216982480834464 -0.132632368031845 0.957512534435981
1463226896.95417 -25.1571301200637  1.24465977961661 -6.23177297926649 0.154888366638656 -0.206799800984096 -0.139471238951171 0.955924269855292
1463226897.09874 -25.1163278952689  1.19946078278858 -6.10089598499057 0.150534493333922 -0.212312173212506 -0.151561544341597 0.953568039365452
1463226897.28622 -25.0591288257779  1.15677260237822 -5.93654870689776 0.144533543088402 -0.213503898105893 -0.144325559958437 0.955351387269933
1463226897.4794 -24.9947556206029  1.12980554773087 -5.76465361383455 0.167138276048511 -0.218935426466717 -0.129028049924072 0.952619461301395
1463226897.66741 -24.9260435879069  1.07895266875235 -5.61000547540663 0.144292743113248 -0.226258498473549 -0.139380640579897 0.953183997549732
1463226897.85523 -24.8660753616833  1.05187935447972  -5.4481953699868 0.140046035583858 -0.238200956028005 -0.15338598756695 0.948746621223339
1463226898.05004 -24.8068577216291  1.02935177837967 -5.26044252632122 0.166792469581713 -0.229347262747014 -0.159205391048963 0.945639333267304
1463226898.18704 -24.7560263226362  0.98386802261523 -5.12812964000542 0.153371077418219 -0.214744955713866 -0.167283432012075 0.94993587677342
1463226898.32959 -24.7078791865059 0.946242876635716 -5.00419524888015 0.143520525496295 -0.213176589547215 -0.15573388850657 0.953784334323493
1463226898.4717 -24.6558088300793 0.929753866643736 -4.87486843553135 0.15997654572109 -0.198008044572789 -0.149301391934084 0.95546293149978
1463226898.61411 -24.6120655289913  0.90708466975659 -4.75026323485295 0.158684614944732 -0.218034411758526 -0.151533054277012 0.950956319570166
1463226898.75892 -24.5717058325595  0.86344149967514 -4.63529979964535 0.151675304656266 -0.237472924680091 -0.177846749969506 0.942852981925919
1463226898.94787 -24.5176645249404 0.829786699147459 -4.47503801201863 0.151655696946321 -0.251554899527562 -0.170489426959021 0.940560491091662
1463226899.0885 -24.4803484804004 0.818102060228021 -4.33306583144444 0.164812890469766 -0.24076408709247 -0.171429112971208 0.941000225678738
1463226899.23241 -24.4407559698596 0.781157531728264 -4.19695637067641 0.167317047388508 -0.236959004898578 -0.186612758116198 0.938632576762032
1463226899.37286 -24.3949003454706 0.733570152438373 -4.07051411473849 0.157728218681474 -0.223599446679595 -0.165204674125315 0.947540243009919
1463226899.51491 -24.3519939850599 0.714303449159897 -3.94097762386002 0.160896561552985 -0.217843115516658 -0.161497311308253 0.948986455089127
1463226899.70924 -24.2921032517149 0.688623142231659 -3.76736449287428 0.171079978224156 -0.23514823486901 -0.157313171991174 0.943763484463606
1463226899.84694 -24.2475314254069 0.645733249816081 -3.65103009904439 0.16576743308996 -0.245499400970238 -0.179666919411245 0.93806769495559
1463226899.98915 -24.2042712500243 0.616617725520207 -3.53206881028183 0.161627936336744 -0.259173204670027 -0.17442817194142 0.936098538087614
1463226900.13142 -24.1582596379573 0.607881127475964 -3.38978495092036 0.163063764946884 -0.244336947803387 -0.166149769302818 0.941330929407981
1463226900.27353 -24.1139926271916 0.578282286730984 -3.24770834707538 0.155155547619244 -0.237905385474882 -0.177599524911378 0.942224066958743
1463226900.41636 -24.0645321579579 0.526210268332906 -3.11852430164462 0.147708288532616 -0.224661597240961 -0.157425665740156 0.950224493469924
1463226900.55804 -24.0167853221804   0.4980988502719 -2.98658681712251 0.152180922938682 -0.217560073241687 -0.146814012701376 0.952866321631278
1463226900.70105 -23.9645037660416 0.479521765975613 -2.85171092240922 0.168788983819086 -0.210079346846654 -0.145109274075187 0.952008532286962
1463226900.84255  -23.913153816152 0.441647393960364 -2.73247033268696 0.171299177163333 -0.220502674555305 -0.154187024448343 0.947766597801847
1463226900.98489 -23.8637641786322 0.400047859739075 -2.62375898677019 0.163042675402788 -0.232222292798149 -0.159570506593483 0.945530087385151
1463226901.17442  -23.800387788663 0.381701370648701 -2.45229102004771 0.172187646899355 -0.219153206881187 -0.164281375946112 0.946221388305193
1463226901.31695 -23.7524940408806 0.361169299412159 -2.30929491602707 0.174501074433137 -0.223107405213497 -0.176072063565685 0.942746566788924
1463226901.45918 -23.7034224065616 0.312975568159097 -2.18208108566016 0.17393524151274 -0.221637582053946 -0.17702878602753 0.943018622774123
1463226901.60437 -23.6522669745327 0.278323026064105 -2.06225829684261 0.168458848563567 -0.219155647282117 -0.163549101026685 0.947018537388977
1463226901.74351 -23.5947765589773 0.265430144842597 -1.93107078271255 0.174168799127554 -0.212288865869423 -0.161343580499631 0.947927695486264
1463226901.88577 -23.5382110424746 0.237142958932277 -1.80923524060982 0.170347098184329 -0.226496705935861 -0.162177325123834 0.945187612887548
1463226902.02811 -23.4824163749785  0.19184143307802 -1.70302031342181 0.170707328504579 -0.22182261113038 -0.162158651601971 0.94623374960776
1463226902.21926 -23.4117108156616 0.174798647295551 -1.54607437234894 0.154501378578711 -0.228781322069701 -0.169992475189171 0.945986780599167
1463226902.40947 -23.3515598203989 0.156074724785831 -1.36514236408089 0.166918873006397 -0.227304589207585 -0.178313000763343 0.942695702397236
1463226902.59734  -23.2881185934489 0.0942884792208883  -1.20700995100753 0.162493538716779 -0.228198845430607 -0.178394286344842 0.94323730599407
1463226902.78986  -23.2207867252867 0.0708119096824979  -1.04739858199386 0.166140707515887 -0.227939860501106 -0.174954585408796 0.943308845683795
1463226902.92908  -23.1793742646039 0.0583714177696885 -0.930003015733428 0.171308991094373 -0.256710708028443 -0.170384750427464 0.935800127578285
1463226903.07444   -23.140734784034 0.0238935389194384 -0.830860362839502 0.171895916016212 -0.290874729768193 -0.180813437485808 0.923661294232791
1463226903.21358    -23.1046249236407 -0.00697557359263991   -0.733321276426815 0.168523625486355 -0.319088668125681 -0.182312636818454 0.914627963700551
1463226903.35701   -23.0634020101528 -0.0224676057305022  -0.608056743924687 0.188782399579711 -0.329582934262625 -0.186858796512649 0.905991216964938
1463226903.50186   -23.0276261351603 -0.0440346246107097  -0.468679999998631 0.198280567417267 -0.330653968552818 -0.198876408192103 0.900999968884332
1463226903.64045   -22.9861264563867 -0.0924443695703332  -0.343553581036209 0.202240281676598 -0.323708676491167 -0.202579860322189 0.901816478793524
1463226903.83005  -22.9288116642977 -0.138656795049328 -0.177611635219297 0.209167804307899 -0.324454599717987 -0.186598213379626 0.903415269478209
1463226903.97436   -22.8751592718413  -0.155242574157186 -0.0427312113533879 0.214067804538734 -0.317155381819002 -0.183451331146969 0.905501544970308
1463226904.16192  -22.8047252216275 -0.206127952980039  0.117598161631741 0.206411165472851 -0.316509513531367 -0.173802402647175 0.909400287797593
1463226904.35184  -22.7364532581218 -0.242071240817996  0.274051455584466 0.188905637524681 -0.321328336314247 -0.177525679550161 0.910794923950043
1463226904.54156  -22.6685598139815 -0.254380486958455  0.456180735394219 0.195886272193568 -0.301573297963956 -0.184568362277604 0.914667499131467
1463226904.7312  -22.5993687367104 -0.311485503767048  0.628192684628982 0.200165234359031 -0.291557861521952 -0.190610085898074 0.915748703243783
1463226904.87327  -22.5378098639732 -0.354547255159732  0.751054812570135 0.196426819634208 -0.27455882321114 -0.173882757865826 0.925093910715166
1463226905.0158  -22.4692627240022 -0.369733969036757  0.878382775402946 0.204143629804159 -0.256199629466575 -0.168934891701033 0.929595681270913
1463226905.2052  -22.3861587447941 -0.402126059782375   1.02909487355334 0.20299831440903 -0.258056362288086 -0.173817273028916 0.928432094353983
1463226905.39689  -22.3129140004953 -0.445106523515503   1.16343196944576 0.186096919797729 -0.2647163770672 -0.170140991212849 0.930776675289687
1463226905.58455  -22.2400240386469 -0.453412704634097   1.33194632117717 0.186989538044335 -0.260204268026874 -0.176755895785308 0.930637418583467
1463226905.77484  -22.1686722687228 -0.494300164129124   1.50133638587286 0.179706423037627 -0.244217573533916 -0.183371014061703 0.935114137150225
1463226905.91654  -22.1162586086038 -0.549631844441633   1.61466264150887 0.188252548137383 -0.243252902885892 -0.15799031681351 0.938311282651197
1463226905.9639  -22.1032902365522 -0.564242333956538   1.65101974088159 0.190041258944331 -0.247095756432085 -0.153706960770413 0.937657814590606
1463226906.20104  -22.0193517754147 -0.586333922864338    1.8507350401256 0.194898853516667 -0.270446445157947 -0.150171045591993 0.930764102372414
1463226906.34539  -21.9750024486477 -0.622123979850051   1.95179067673303 0.206995723831223 -0.3054838325712 -0.147731305002625 0.91760986256438
1463226906.53291  -21.9108444032471 -0.669682699834961   2.08599465772555 0.205048624043006 -0.33415651165833 -0.158292928653219 0.906221736791164
1463226906.72261  -21.8166095785574 -0.680132308102118   2.25970880639534 0.204554414846201 -0.330168940621239 -0.171070456095973 0.905472727953246
1463226906.86626  -21.7468598466165 -0.705137239534951    2.3880736022033 0.192779133878926 -0.312084059843941 -0.19234285883294 0.910188974767431
1463226907.05459  -21.6471834603835 -0.770959697236723   2.53622243384765 0.20591835687563 -0.297880858390847 -0.169483473402364 0.91659149938751
1463226907.19699  -21.5607149464328 -0.788020620746072   2.64967676297422 0.211113988503749 -0.264457936341517 -0.159251299678052 0.92743296648053
1463226907.38675   -21.431066825199 -0.799878979716012   2.78986415334373 0.205395011152994 -0.262049030210437 -0.156624011522126 0.929845209792441
1463226907.57619  -21.3087085910289 -0.847632629487506   2.90577995800253 0.194682679972336 -0.254034316516447 -0.158378162792466 0.934067223331005
1463226907.7658  -21.2008326422744 -0.862415212005436   3.04138985508388 0.202223106195705 -0.265359174573488 -0.174630387099359 0.926387905626885
1463226907.90812  -21.1033139337964 -0.869350021831588   3.16240151774372 0.207357467297379 -0.240974516373071 -0.180381773511262 0.930804264601164
1463226908.05032  -21.0041429026823 -0.900815201378046   3.26922654265624 0.189160905654354 -0.224799537059935 -0.188333746696778 0.937130577755745
1463226908.23997   -20.880675614125 -0.947989716119381    3.3955412826286 0.194307269889802 -0.223218474434449 -0.185420897611845 0.937036439135612
1463226908.3822  -20.7701128000676 -0.954427851413417    3.4970232773718 0.205188029569324 -0.186639875562458 -0.180235676162797 0.94370468389726
1463226908.57199  -20.6385601080476 -0.982745629538534   3.60974097154722 0.213653459806059 -0.208522860013028 -0.191737952226041 0.934936882169621
1463226908.80918 -20.4809973299735 -1.03247655427794   3.7323981537083 0.216312554426641 -0.218578549519613 -0.19167273555181 0.932037477215058
1463226908.96056 -20.3704760066418 -1.02816798834281  3.82681798634793 0.206719599392679 -0.191165286850529 -0.18700528989839 0.941143911354849
1463226909.141 -20.2250224890365 -1.04075194724368  3.95871025949731 0.191430808067629 -0.179597107067216 -0.220482759515447 0.939407514134369
1463226909.3307 -20.0742702098161 -1.08891719221361   4.0546602808148 0.190990094045703 -0.156813900450103 -0.199441082088512 0.948238071044083
1463226909.47301 -19.9521727475312 -1.08885899226143  4.12012044876922 0.177352848548403 -0.122169812786563 -0.183572812576118 0.959125396618376
1463226909.66453 -19.7800293863118 -1.09140940035267  4.20362116735141 0.164284943185791 -0.101843631753443 -0.166644418355934 0.966885706764002
1463226909.75746 -19.6967343192757 -1.11508906179616  4.23426795975266 0.171650567943493 -0.0949717458433737 -0.157654071384457 0.967812814438847
1463226909.99469 -19.5153564961595 -1.17751397029087   4.2873467807512 0.194900493898505 -0.0761928341461985 -0.160842332628111 0.964540405342169
1463226910.23246 -19.3179245095089 -1.15242589771264  4.34926234468219 0.16919989149838 -0.0477242846259486 -0.160034988544846 0.971330320650668
1463226910.47049   -19.09872106194 -1.17385732830276  4.39880259593749 0.145403859972149 -0.0287940986703968 -0.173179148833627 0.973672224003653
1463226910.61437 -18.9685025681366 -1.19131968661446  4.40899855168952 0.150845667520419 0.0166456611780114 -0.145422436426346 0.977660892916399
1463226910.70912 -18.8773670888544 -1.17964331035598  4.41565030145544 0.146020903283238 0.0460567653874947 -0.131703466880427 0.979393111563516
1463226910.94369 -18.6637611850169 -1.16115878692279  4.41769921171377 0.142293504053282 0.0225418857783319 -0.148819004050712 0.978313511162526
1463226911.27485 -18.4010618070874 -1.17147550849157  4.39993322033206 0.138001604122578 0.0256113599291085 -0.156248018902644 0.977694314236907
1463226911.4203 -18.2778368362931  -1.1439155731396   4.4086906622736 0.133120718120498 0.0381559027105726 -0.151862350399027 0.978652557359714
1463226911.60679 -18.0948768578463  -1.1417498324901  4.42091742202555 0.106759857409288 0.0415880926370307 -0.178389794044167 0.977266516758679
1463226911.74914 -17.9684035709034 -1.16461035330352  4.41668140547922 0.109584580074091 0.0634502291293957 -0.16735887585293 0.977730174898298
1463226911.89127 -17.8407340070037 -1.16241138187798  4.41366778728694 0.12090217569387 0.0960253825160828 -0.15463404500193 0.975833029750208
1463226912.08097 -17.6822248799982 -1.14615903793658  4.41071805440846 0.128896612003659 0.0779639725093069 -0.166541138021397 0.974459507496891
1463226912.27315 -17.5388909003282  -1.1696605785715  4.39716829627418 0.139057939023855 0.0534137667773496 -0.162754310275968 0.975356803226228
1463226912.46031 -17.3899933978806 -1.16574395996176  4.39032959234139 0.135698668429109 0.0543972935432078 -0.151549414173426 0.977578426984471
1463226912.65363 -17.2140734359433 -1.13129908891038  4.40539805627159 0.117716105603257 0.0560640479296308 -0.16418663831084 0.97777425247934
1463226912.83961 -17.0356948194072 -1.14597224264989  4.40427446798716 0.108519936051079 0.066164429522418 -0.167230048857686 0.977691056778417
1463226912.98408 -16.9053938386462 -1.16243757427393  4.39118490959194 0.123262835549979 0.0976047826373474 -0.154208242309129 0.975448306053388
1463226913.12416 -16.7716367146547 -1.14724104648268   4.3775075733254 0.136355968012789 0.130779435244872 -0.150570242218936 0.970377447935832
1463226913.31484 -16.6061871072146 -1.13389648210774  4.35861762920476 0.143717841026545 0.10746062605012 -0.16151018445828 0.97041839241424
1463226913.5037 -16.4559552683453 -1.14824811392213  4.32866818339542 0.132714600388693 0.0900750603818986 -0.182087151176306 0.970112152133641
1463226913.69331 -16.2889963748855  -1.1111482382151  4.31105156463132 0.128923322303148 0.104642220025417 -0.164563616429506 0.972289873907012
1463226913.83604 -16.1477499007578  -1.0805353437258  4.30557574231939 0.119329704400581 0.115318401933837 -0.171933631568554 0.971030851290908
1463226913.97862 -16.0118506467677 -1.08416798300013  4.29363205375954 0.114918513631612 0.121779773615715 -0.172059025936336 0.97075182902565
1463226914.12017 -15.8918980418543 -1.10416257061253   4.2723307347447 0.131818782361652 0.123255131321775 -0.165461334227936 0.969564091793345
1463226914.26218 -15.7618349131343 -1.08940368230528  4.25105592789592 0.139757333021568 0.149944059962665 -0.161117433901199 0.965414853439548
1463226914.40666 -15.6378003873085 -1.06248229182029  4.22625731153466 0.135125264851821 0.137683165800477 -0.156385272643103 0.968673399631798
1463226914.59417  -15.488770675426 -1.06545383365276  4.18711872893148 0.134569502126003 0.112940258977107 -0.146365977178512 0.973505289006856
1463226914.78396 -15.3391057656741 -1.05072605629258  4.16363834185154 0.12881701094287 0.0938230865239737 -0.155184200400057 0.974946803714466
1463226914.92605 -15.2105644447123 -1.01538366548455  4.15547367961811 0.121988399945636 0.103788213469732 -0.161136610819181 0.973848976832226
1463226915.06835  -15.0796074526862 -0.998227311936837   4.14646975482784 0.0993625375423189 0.086004524332622 -0.173548617505925 0.976018025084195
1463226915.21057 -14.9541476955347 -1.01070248151299  4.12660488956009 0.105182279350521 0.0823974082808323 -0.169457809215072 0.976438122010432
1463226915.35399 -14.8232935373036 -1.00631727734071  4.10308460321487 0.122493660416946 0.112522475465468 -0.166692695277911 0.971878357107394
1463226915.4951  -14.6946418846651 -0.981048750652205   4.07460988677403 0.13184500329395 0.115209466979257 -0.168946349714197 0.969948867076519
1463226915.6374  -14.5789058055202 -0.973051371806226   4.04305858572721 0.123963651728195 0.101272452201114 -0.163409979473483 0.973485532549847
1463226915.78038   -14.474876483285 -0.982629231509555    4.0103644578983 0.121940512626534 0.0791449475838832 -0.171307982621408 0.97443325258455
1463226915.96953 -14.3217797287551 -0.95197779373375   3.9844751709344 0.125841327774806 0.0774229599392684 -0.162214958582466 0.9756310535803
1463226916.11165  -14.1890799323705 -0.921207725222816   3.97349740188155 0.133926630151045 0.0715699828361233 -0.161961585683023 0.975043506750475
1463226916.25383   -14.053992913797 -0.918585010688786   3.95529843965899 0.117532529072237 0.0744298704168749 -0.166865837747486 0.976115818534072
1463226916.39868  -13.9296527562658 -0.929676215264308   3.93261596201034 0.124805499097125 0.0732112095295505 -0.155122099811664 0.977241444242086
1463226916.53851 -13.7940664701464 -0.91098418760834  3.90718998853088 0.136144607418441 0.097917754126228 -0.161018361688778 0.97259953038073
1463226916.68066  -13.6632222728956 -0.886912297753343   3.87339729459788 0.139414985136037 0.0935509001561686 -0.151153970113895 0.974147919116136
1463226916.82331  -13.5432892942088 -0.887514555959166   3.83664806574809 0.131465252341555 0.0808152138676062 -0.147181856177567 0.976997077706187
1463226916.96783 -13.4333576458742 -0.89266382039414  3.80608559492815 0.130543469389551 0.0630958956537956 -0.151967029843403 0.977692861992947
1463226917.10781  -13.3132113653841 -0.870389445201518   3.78378492139468 0.141279611206772 0.0739700729134882 -0.153602998872118 0.975179275060708
1463226917.24973  -13.1812460122962 -0.842392087826594   3.76670207232153 0.135922936360378 0.0746227982219337 -0.160927234431169 0.974709607306216
1463226917.39405  -13.0457032707592 -0.839277533053865   3.74535938479456 0.118354224559319 0.07540847108417 -0.176229020867375 0.974294191823926
1463226917.5343  -12.9171794967662 -0.847143961017612   3.71564721707696 0.124864430051497 0.08592101174185 -0.15928609133077 0.975527752018228
1463226917.67649  -12.7856914340003 -0.828497100176648   3.68615508477792 0.13279592196356 0.106243971288221 -0.16194074984084 0.972035315827435
1463226917.81884  -12.6596659572465 -0.805487428672701    3.6557821633266 0.136022900643368 0.0964548048885727 -0.163926388287762 0.972276905175373
1463226917.96099  -12.5445778662206 -0.808929742427954   3.62161435574789 0.130374559096202 0.0778196064652363 -0.163592421935968 0.974773872585427
1463226918.10328 -12.4370975363117 -0.81090727323038  3.59088761419918 0.127953901839023 0.0443707157285372 -0.160720382169639 0.977664562795007
1463226918.24539  -12.3086623720942 -0.781608177256879   3.56817733280874 0.127481583161807 0.0663303909507051 -0.145616025300897 0.978848659582499
1463226918.38803  -12.1676216292502 -0.755056051558836   3.55630934985973 0.120384137896462 0.0747164232873553 -0.144699425727415 0.979278914113965
1463226918.52998  -12.0317854226539 -0.758411507862603   3.53851669741157 0.109591121689659 0.0722236820098769 -0.148746590625757 0.980126511008121
1463226918.67409  -11.8986466202347 -0.766783870305899    3.5101979788372 0.106666396500492 0.0971381083768948 -0.128657176556409 0.981139031268806
1463226918.76723 -11.8029825054201 -0.75592575433991  3.49004924742982 0.112543491976228 0.140086216594838 -0.115666347964116 0.976898720586011
1463226918.86186  -11.7072480087462 -0.738163307014276   3.46420938281931 0.116860224284181 0.176389292820772 -0.113802668179128 0.970710800431184
1463226918.95681   -11.609025218248 -0.726855419787099   3.43761535827985 0.115349427373815 0.200305783362972 -0.115082553515137 0.966089079035838
1463226919.09921  -11.4717388587062 -0.729409585702945   3.39459438516273 0.102269998882725 0.225609627556329 -0.122158333033628 0.961102744222941
1463226919.19378  -11.3814561522218 -0.728795805679602   3.36540998825291 0.074099096160208 0.252513147322423 -0.112364504294564 0.958186126257421
1463226919.24259  -11.3342012099655 -0.722853295735371   3.34885344167964 0.0594422801124585 0.281961749065075 -0.0969195025153596 0.952665102452783
1463226919.3362   -11.240380170527 -0.700649879171691   3.31523968719374 0.0535781805586564 0.338591256377382 -0.0669921096369907 0.937015152982702
1463226919.43123  -11.1489263333748 -0.668918873970014   3.28812238158678 0.0400392505208275 0.37101153599671 -0.0573768538560461 0.925988766247558
1463226919.5257  -11.0513788402631 -0.641643224195303   3.26224019744666 0.0229893354729822 0.412946345423814 -0.051367610332381 0.909014947547271
1463226919.6215  -10.9592590420885 -0.630455895459769   3.23340323174809 0.000963844063812858 0.442917260699543 -0.047625705151795 0.895296131672548
1463226919.71536  -10.8702423308093 -0.631905757482396   3.20436215313954 -0.00515032897381089 0.473782130524084 -0.0305236559354568 0.880097877134047
1463226919.81027 -10.7875717484725    -0.63047489053  3.17661113274346 -0.0105463550937012 0.503777977576755 -0.0105096522852819 0.863704851735681
1463226919.90511  -10.7059325757449 -0.615273661683854   3.15473349325951 -0.0133951017366947 0.523501160309006 0.00297850322920427 0.851914452819708
1463226919.99995  -10.6213647925256 -0.590294645935036   3.13391100971333 -0.0128892724749304 0.551264179625272 0.013836261672478 0.834116435984853
1463226920.09704   -10.533826319927 -0.574260427187728   3.11456839166803 -0.00594608665996868 0.570687844719817 0.0221438517981108 0.820846927124678
1463226920.18967  -10.4515937778035 -0.573118554694433   3.09850131441563 -0.0147864948940226 0.56694641221564 0.0154663211637128 0.82347672593354
1463226920.28867  -10.3707756713615 -0.583073230578572   3.07717217625545 -0.0168969843346566 0.582516278200481 0.00886837677861872 0.812594997181971
1463226920.38069  -10.2944905015953 -0.587919389535032   3.05630107347718 -0.0324194349106527 0.606399554220297 0.0240490022474508 0.79413487920655
1463226920.47424 -10.2143842080879 -0.58016227642677  3.03996854845136 -0.03334687919893 0.637516230584679 0.0329776350356436 0.76900813843304
1463226920.61715  -10.0890244533995 -0.551366675059811   3.02621158468058 -0.0328798418623022 0.665913188050377 0.0323729892216034 0.744600920996308
1463226920.71122  -10.0071071541929 -0.541987807689008   3.01739501277481 -0.0306608188712445 0.684992461560346 0.0275736495983445 0.727382248641985
1463226920.80644   -9.9285749186643 -0.541770092913208   3.00678266801427 -0.0350133101628649 0.706642360860838 0.0429983570914767 0.705394771199712
1463226920.9011  -9.85662208782533 -0.547310933179159   2.99941657051711 -0.0424999188462449 0.718117477049468 0.0693824183103358 0.691149134473581
1463226921.04326  -9.74669626436522 -0.543358517007606   2.98802129611104 -0.0539385462423667 0.737203368080621 0.0827254076468741 0.668414792063661
1463226921.13955  -9.66869988744085 -0.529215521168779   2.97948293710277 -0.0502377566654703 0.763305835132784 0.0875032532008822 0.638109356252301
1463226921.23297  -9.58586896276769 -0.517273312594439   2.97000812475204 -0.035462999069926 0.788782277772841 0.0992803647393744 0.605564450034571
1463226921.3289  -9.50177471968604 -0.516223212084806   2.96317067123898 -0.0383810157744812 0.801502407355393 0.101585083525845 0.588048687981426
1463226921.42254  -9.42614943503805 -0.528549745651602   2.95721996261208 -0.0377990480693965 0.809418043504321 0.102293505546837 0.577017938661895
1463226921.52294  -9.35378965291082 -0.537557946930363   2.94807023265087 -0.048508913164763 0.828231607963197 0.11509780040018 0.546289104099021
1463226921.61227 -9.27930689550366 -0.53114895805866  2.94206813450021 -0.0721168992661906 0.852250262772149 0.136760294406872 0.499765209192055
1463226921.70737  -9.19797278887266 -0.517859780270876   2.94261940995971 -0.0792232120462219 0.865562433053877 0.139326417749101 0.474461280270724
1463226921.80195  -9.11400700454487 -0.505549716057614   2.94424413648758 -0.0719454887569466 0.879256969366945 0.142384779343539 0.448840286826474
1463226921.89745   -9.0297155383475 -0.505013649702172   2.94241287083398 -0.0604006800239869 0.897390107549576 0.1425374790008 0.413189810867713
1463226921.99423  -8.94834408368948 -0.517551474823814   2.93773748468255 -0.0504062536797474 0.906381612618414 0.14742022126935 0.392681627095173
1463226922.08656  -8.87355402892455 -0.532812309003842     2.930719267709 -0.0505817883367638 0.911346522050939 0.157035427106596 0.377132435714248
1463226922.1832  -8.7982959408789 -0.53348171195842  2.92213239086308 -0.0414449872665221 0.922316604943148 0.170909121007494 0.344099499611766
1463226922.27621  -8.71963026200448 -0.519010739930854   2.91864978768969 -0.0369968563778724 0.926260968282457 0.194529118449946 0.320671597323004
1463226922.37101  -8.63828079969594 -0.503449207059606   2.91549341016212 -0.0205018460496308 0.931160216970548 0.213911859744409 0.294553969419201
1463226922.4662  -8.55020613690266 -0.498397210676957   2.90708806197322 -0.0211940590426184 0.939083517049311 0.207972817219735 0.272800782926445
1463226922.56084  -8.46429565873569 -0.503143704188728   2.89567593014024 -0.0125783481072834 0.940592927681055 0.215988755067577 0.261678404228611
1463226922.65587  -8.38812121814559 -0.515113938448321    2.8813360599282 -0.0107613253930245 0.946787518563337 0.21087648744349 0.242917055004294
1463226922.75038  -8.31455344941082 -0.520111725548983   2.86961471542962 -0.0102533754753328 0.9571653493726 0.19982204577073 0.209285719235189
1463226922.8451   -8.2301256894783 -0.509097607079675   2.85946397289794 -0.0148353410576275 0.962570559135611 0.195082019079252 0.187565554335074
1463226922.94289  -8.14490724282581 -0.493940717779498   2.84790604498418 -0.0038904399368886 0.969216500942343 0.198277390545895 0.14591201176219
1463226923.03493 -8.06134596602726 -0.48750436503563  2.83493045405501 0.00397353451233479 0.97423661540502 0.19869563804343 0.106617407819571
1463226923.12966  -7.98224472439181 -0.491248675841227   2.81850357955432 0.0100118964669022 0.976203185966388 0.205724998669355 0.0678551881634948
1463226923.22441  -7.90586026059401 -0.498132733808551   2.79841298737697 0.0062153481623281 0.977107097231876 0.208103739730204 0.0437712633656082
1463226923.31945  -7.83021590588819 -0.498571830141207    2.7769860553003 0.00971972326038592 0.9799586963539 0.197768068516777 0.0217777752594367
1463226923.4174  -7.75519361738716 -0.488274912582074   2.75858155069118 0.0123366283222292 0.980594594601251 0.195643883271391 -0.00234937841538419
1463226923.50912  -7.67467105896569 -0.472132903177629   2.73692350232927 0.0253540873618404 0.976874556857701 0.210429463484997 -0.0281551294711087
1463226923.60383  -7.59347586795706 -0.463004689953127   2.71106640057836 0.0187422992376317 0.975885597788848 0.212564253626303 -0.0459615527140225
1463226923.69868  -7.51589250851437 -0.462251354024831   2.68665657688137 0.00911559609519796 0.972468303458584 0.226167391288367 -0.0554131373775815
1463226923.79362  -7.44839211648263 -0.469249139806224     2.665120015929 -0.00641882140848365 0.973526428427716 0.216985462201307 -0.0715709513544928
1463226923.8913  -7.37668931057869 -0.463385673587902   2.64702702622751 -0.00441474811818747 0.967333710908086 0.239282905244303 -0.0836043838425347
1463226923.98325  -7.30166036561014 -0.448810743572259   2.62882813775274 -0.00603537334157874 0.965064554161043 0.23938423327857 -0.10634457874385
1463226924.07804  -7.22783376991729 -0.431070340100178   2.61153189717813 0.00514888484530242 0.96034989878407 0.241779899152683 -0.138722893770262
1463226924.17281  -7.15238535875285 -0.422833433462522   2.59297512763517 0.00676677122111533 0.959431192756142 0.231134475657382 -0.161315998389358
1463226924.26782  -7.07923757577862 -0.419035043470223   2.57487473895033 0.0133231515835013 0.950857711424381 0.24778791480786 -0.185184382526833
1463226924.41323   -6.9752815725767 -0.421386470407767   2.54598414123691 -0.00497227842988419 0.949394227058542 0.246353257183126 -0.19477153475391
1463226924.50581  -6.90593509455891 -0.410875090059236   2.52937054994517 -0.00188872442932208 0.943035988385253 0.255196548392634 -0.213434484136853
1463226924.60176  -6.83548088745209 -0.391155519596474   2.51155772945188 0.00117236505820861 0.940930883679024 0.249516534282069 -0.228886864671274
1463226924.69444  -6.75839522442972 -0.370674914984358    2.4912577284485 0.0092690336944359 0.935927912095243 0.257712842111818 -0.239868962948648
1463226924.78937 -6.67975474119382 -0.36044900435479  2.46771392465746 0.000340638403700161 0.933578687146087 0.262174733228566 -0.244325864632865
1463226924.88432  -6.60406681399979 -0.363428062256095   2.44684303414869 0.00974066386289626 0.92969186724963 0.275466363472903 -0.24432853708157
1463226924.97926  -6.53422875224137 -0.376959599882154   2.42855827555353 0.00157020723260301 0.933554198928047 0.257390448318447 -0.249447888801425
1463226925.07612  -6.46017349572078 -0.376237421371398   2.41063348201485 0.00858797414361446 0.933186429920469 0.256815848793267 -0.251266697994367
1463226925.16865  -6.38437223000165 -0.364728393568169     2.392153658742 0.0114886679809478 0.936008610542828 0.242634119099759 -0.254724509512516
1463226925.26359 -6.30346348770206 -0.35353591962865  2.37270302410288 0.0300342383991645 0.935744913376702 0.236925945757979 -0.259510111248287
1463226925.35836 -6.22535666564731 -0.34771609901991   2.3512767379354 0.0239169108322519 0.940002684757175 0.226836336909842 -0.253708908560322
1463226925.45587  -6.14885618443787 -0.344638546488092   2.32867619788491 0.023152895277065 0.935509951852607 0.24367131438983 -0.254773161790158
1463226925.59552  -6.04450156286024 -0.342469865261107    2.2951613235483 0.0107605334487941 0.928264307278835 0.263555057784555 -0.262199005086253
1463226925.73763   -5.9381216371521 -0.322540636540366   2.25661562488523 0.0172720550958368 0.931255983853746 0.258108230860404 -0.25660107133734
1463226925.83262  -5.86369371287507 -0.300332639477098    2.2286256463808 0.0310472185269523 0.92803584184775 0.267598311845821 -0.25724830410509
1463226925.93112  -5.78710515896174 -0.286141542043994   2.19481733177556 0.0145732017949431 0.932082559218018 0.262849233083646 -0.248837306805818
1463226926.02351   -5.7109110757856 -0.281713589772476   2.16166653450127 0.00584977780431445 0.936760424860497 0.270360385500127 -0.222150733663079
1463226926.11724  -5.64348942166179 -0.290519615370616   2.13307761370268 -0.0122200318972998 0.944081713456504 0.255831160818079 -0.207631419327456
1463226926.21194 -5.57518036615871 -0.29181368709072  2.10532903623215 -0.0141657986678675 0.947607638032637 0.249668280724217 -0.19875825540219
1463226926.30678  -5.50367480577456 -0.280193498443435   2.07758784810236 -0.00853210603355239 0.950379752394054 0.245841322527309 -0.190440472442367
1463226926.40163  -5.43069958195677 -0.264646598393061   2.05022251319089 0.00806004149508034 0.946263718890291 0.255280651133214 -0.198372879194753
1463226926.49658  -5.35383767790089 -0.260592783612289   2.02070085374243 0.0128075198171195 0.946135041042356 0.250401171825953 -0.204850444705651
1463226926.59124  -5.27646994955067 -0.257191873095915   1.99101798636843 0.0141300377483469 0.943483279017752 0.268794288286273 -0.193363064807673
1463226926.68608  -5.19907769571436 -0.259549088534721   1.96354547520625 -0.00310325260559695 0.948806133551984 0.268633195633742 -0.166112904257928
1463226926.7811  -5.12635119666806 -0.253949049085475   1.93954569052257 -0.0126155824435854 0.949179081612145 0.268687184285884 -0.163423116816613
1463226926.87589  -5.05371286291331 -0.239678170828384   1.91492031275623 -0.0203676604496013 0.95459566148309 0.253879290691561 -0.154523743299926
1463226926.97272  -4.97768822764745 -0.219268269184158     1.887390706333 -0.0103082429018055 0.955540149180888 0.253229323754368 -0.150703925040287
1463226927.06549  -4.89812820076885 -0.208702814966509   1.85203189197581 -0.00319728936229059 0.958903559105925 0.241544866914689 -0.148828152383508
1463226927.16029  -4.82100237038358 -0.208702254570568   1.81620991217765 -0.0132781561465153 0.961296207531853 0.231066610700781 -0.149470777657303
1463226927.25509  -4.74523726060621 -0.213912123794648   1.78672120966356 -0.0166401752924406 0.965343301659163 0.229528727067258 -0.123093370897493
1463226927.35074   -4.670918956988 -0.21508544044772  1.76331658645554 -0.0165018145554257 0.965504091558773 0.234724292431857 -0.111508052812393
1463226927.44668  -4.59133462739466 -0.204791253079475   1.73908904364502 -0.0211544957585706 0.968262713672768 0.231133240992811 -0.0927212463699988
1463226927.53959  -4.50565307432904 -0.182990485543638   1.71643115084435 -0.0137657833576415 0.967622731300331 0.24194671998506 -0.0705587540132901
1463226927.63438  -4.41920491162804 -0.165195922250299   1.69451386581141 -0.0123057950033863 0.967486660136002 0.246305608446706 -0.0561397997495309
1463226927.72932  -4.33632347115656 -0.152254631293172   1.67038047281911 -0.0214051980144691 0.966781657783116 0.250498378451497 -0.0461042955185553
1463226927.82588  -4.25568880021542 -0.147190552490608    1.6473240185814 -0.0349125690578179 0.965323874305483 0.257452585077133 -0.0254773753502437
1463226927.92151  -4.18191063801683 -0.137012855688289   1.62631642029694 -0.051646520548615 0.960837719016096 0.272088468558339 -0.0095592839033247
1463226928.01409  -4.10591255207291 -0.118190023766261   1.60280747220014 -0.0591487433088965 0.961264255820302 0.269049972766293 0.00919612971181635
1463226928.10956   -4.02808088730024 -0.0892965407149485    1.57966208143482 -0.0515064715485173 0.958481802119768 0.279925301833534 0.0173650161896997
1463226928.20359   -3.94377047582505 -0.0661402561044473    1.55387857636401 -0.0426813467209476 0.956678490314087 0.286702939293198 0.0273128799852158
1463226928.29843 -3.85983840706638 -0.05569789394363  1.52801350099623 -0.0525235444161734 0.955827060460924 0.284440431794304 0.0522450814265036
1463226928.3954     -3.783684335079 -0.0592951266386837    1.50589232480461 -0.0540201524388635 0.956992982399547 0.2736499342224 0.0797619474974043
1463226928.48807   -3.71177928062824 -0.0576639220425202    1.48709937442246 -0.063526949367745 0.954268372374805 0.274460753011077 0.100037469209098
1463226928.58282   -3.63784954759227 -0.0409701738126893    1.46850445532091 -0.0638831225483773 0.952080735404591 0.276978541665273 0.11288980193933
1463226928.67764   -3.55903642148844 -0.0156495604189857    1.45034985065907 -0.0676458257723076 0.951035119740199 0.274307863192749 0.125345280991967
1463226928.77268   -3.48014413954614 0.00523363448626001     1.4312127637058 -0.0730704714118387 0.951410764629937 0.269490478228338 0.129819664528116
1463226928.87111  -3.40064069280831 0.0174652221951742   1.41221252628903 -0.0801349993496218 0.948792248510634 0.271286062341623 0.140625472175383
1463226928.96234   -3.3201347488672 0.0185302979602917   1.39616394436401 -0.0872216968774533 0.943158479401014 0.269216778938655 0.174260679057785
1463226929.05713  -3.24361105481099 0.0195969968481683   1.38201147434173 -0.097368541253441 0.936393845711128 0.270013394020387 0.201937366374062
1463226929.15189  -3.16502608340098 0.0295121945405053   1.36616202178197 -0.0937815333221554 0.932314934738433 0.266625927485972 0.225620258983237
1463226929.24682  -3.08691346333889 0.0489880278832492   1.34735150438048 -0.0826048156872676 0.929171985971391 0.268776710887703 0.239947795563207
1463226929.34369  -3.00760936177124 0.0672847418447831   1.32531174787388 -0.0746587151087301 0.923220877517907 0.274705982862732 0.258119953805976
1463226929.43697  -2.93030137898087 0.0739772706582354   1.30060971885463 -0.0698657349336549 0.91679109444945 0.275772616846737 0.280289728705605
1463226929.53166  -2.86010422435483 0.0687619902888552   1.27494922584046 -0.0770536566700151 0.913104060384234 0.262403392052366 0.302403982683787
1463226929.62612  -2.79580482304177 0.0656604489615372   1.25115756510781 -0.076967850170227 0.90981329702666 0.263697862847829 0.311093477468011
1463226929.72409  -2.72618128240237 0.0732011042177649   1.22860716331683 -0.0752393677020374 0.908212342371179 0.25397375241427 0.324016530129357
1463226929.81849   -2.6556704936194 0.0920358876056829    1.2078094062335 -0.0765810490998026 0.910225779120168 0.248844864414912 0.322025786852823
1463226929.91068 -2.58041517986386 0.110791621055841  1.19010353831001 -0.0737384420790671 0.909235750180907 0.239145890424137 0.332659339033133
1463226930.00552  -2.5023966933015 0.122952234656799   1.1709885356123 -0.0817796014211863 0.905751170632282 0.239755087889548 0.339771116372062
1463226930.10022 -2.42711876074357 0.128573980337642   1.1507822387093 -0.0813147848770348 0.900562304130818 0.249061589616155 0.346905991180416
1463226930.19512 -2.35722201353658 0.130060340682724  1.13067030731893 -0.0814213344070981 0.897200869908019 0.252926605983985 0.352745371798248
1463226930.2918 -2.28846504922469 0.136358948503043  1.11198896718741 -0.0834681897412865 0.89197622614203 0.255916062020757 0.363205785331846
1463226930.3866 -2.21956418885128 0.148581374654953   1.0938492241829 -0.0822035500075324 0.888687395281946 0.258010794133662 0.370010432209237
1463226930.47984 -2.14306870968074  0.16180925135467  1.07491541579577 -0.0752534100066379 0.883518302646608 0.253619355916395 0.386535322416184
1463226930.57451 -2.06865022791714 0.170320768406412  1.05403456081416 -0.0755975878297211 0.878613314572592 0.243082007070481 0.404023249341765
1463226930.67059  -2.0012587303962 0.174727787974855  1.03661168556882 -0.0824528552433721 0.870040480288042 0.238106816106463 0.423717162085763
1463226930.76658 -1.93603974546442 0.175823307405889  1.02231264170955 -0.0959707127431513 0.858406262872153 0.240381030505451 0.442882908149064
1463226930.85926 -1.86865824517767 0.178834479461692  1.01001854722022 -0.10117484268749 0.848478172611622 0.244064799083771 0.45856386213591
1463226930.95383 -1.79682593739159 0.187902078085107  1.00118935253286 -0.10470447388597 0.8360822590693 0.243138633156654 0.480507059557456
1463226931.04887 -1.72353613769183 0.200127483648991 0.995710271884117 -0.105430119817342 0.824400895220372 0.239743681742909 0.501767496814516
1463226931.14367 -1.64997915073657 0.208647854450459 0.988997751285214 -0.104849331378508 0.816952367631918 0.234279487268055 0.516438349249454
1463226931.2411 -1.58054326548625 0.212424587151619 0.983937444292331 -0.113387197773588 0.802248088483452 0.233583953164243 0.537568493059133
1463226931.3333 -1.51577984515417 0.209685334375162 0.978994822725258 -0.115577448558568 0.787218727484643 0.23564823199394 0.558030858681024
1463226931.42811 -1.45268273905877 0.206314367526365 0.976295514546892 -0.113422336702343 0.767413347994893 0.238588071033156 0.584198475876929
1463226931.52281  -1.3883214959688 0.207930629325704  0.97458812664429 -0.108013298512552 0.749729994071912 0.23653567972479 0.608513710240371
1463226931.6177  -1.3242152191816 0.216686690854618 0.971027294104283 -0.0986981821517451 0.736955112853158 0.238304266415562 0.624793491553547
1463226931.7146 -1.25689189762221 0.222512945231994 0.966096552039194 -0.0857771466644958 0.724841773621695 0.234896838283094 0.641926911484212
1463226931.80747 -1.19652420069668 0.221223725977153 0.965672448852821 -0.0859019595585362 0.698551577607151 0.227998903738156 0.672802383067096
1463226931.90223  -1.1405182017117 0.211347598701315 0.966681387703816 -0.0853618594030413 0.668834643168024 0.20534366907363 0.709371236116138
1463226931.99713 -1.08801182884004 0.202199531298483 0.964504009175585 -0.0814804453423583 0.641364065516227 0.196571124890571 0.737138294589667
1463226932.09193  -1.0311167729167 0.201124130126718 0.962088717482078 -0.0740732869314392 0.620592634470224 0.195588533627418 0.755726839352657
1463226932.18872 -0.970644902178794   0.20766821510881  0.963982613321965 -0.0665683381999191 0.595010296796199 0.183817420354647 0.779578449567433
1463226932.28706 -0.905484622547821  0.216916192748073  0.966156036743889 -0.0625982231716964 0.571259071598336 0.169264450914981 0.800683508777846
1463226932.37798 -0.842588248482256  0.224315542462973  0.966035485413524 -0.0691257807382337 0.547132504086717 0.15912432207436 0.818869403222213
1463226932.47114 -0.785157973727418  0.224229235092741  0.963305051502154 -0.0760959764581738 0.526519383142023 0.157417522541 0.831989462156627
1463226932.56611 -0.727652099693109  0.215376613785274  0.960149598205875 -0.0743903629112044 0.500421008726729 0.153058126321862 0.848892276969053
1463226932.66318 -0.671399044579422  0.207031301527457   0.95632209003401 -0.0644256165170288 0.473507112749146 0.143908338241667 0.866562602641546
1463226932.75593 -0.613170890657794  0.205435732120163  0.951978966312938 -0.0500894425274913 0.44809072137852 0.134750249202444 0.882353740572137
1463226932.85068 -0.552355540788535  0.205683031696003  0.943969750619568 -0.0317454570532529 0.428140524948973 0.122664286626406 0.894785666871867
1463226932.94556 -0.493473506741577  0.204669104581048  0.929980675365277 -0.0272036234143913 0.410531425473057 0.118190752532338 0.90374490736492
1463226933.04065 -0.438684586235199  0.194312295326773  0.915907378131643 -0.0217036344097529 0.387734731516499 0.106883248263725 0.915295963866241
1463226933.13999 -0.387973157464098  0.182007639474317  0.904551337911715 -0.0290318502052968 0.362341766390233 0.0941038078365744 0.926827961033503
1463226933.23062 -0.336985759627732  0.171598731963173  0.897116443585958 -0.0272970864050181 0.33697629098701 0.102480233100538 0.935521058132896
1463226933.37221 -0.253084831548368  0.165211291464601  0.889118654161715 -0.017511476481639 0.311214318047469 0.0985056813612705 0.945058531083252
1463226933.46706 -0.191610165517963  0.162864777618486  0.886422553065427 -0.00357038392534598 0.297625515753423 0.0868620088473541 0.95071620168699
1463226933.6112 -0.099384246704849  0.157297381521899  0.876516252494805 0.00698631764386227 0.285980161582597 0.083645723712526 0.954552215151994
1463226933.75156 -0.00900836707675398    0.140037486126339    0.862201581072455 0.0231616038425305 0.276819108940284 0.0789207114430186 0.957395551659959
1463226933.89394 0.0834866255451831  0.122695504683672  0.850277976480033 0.0417093133587993 0.268890186684309 0.0739249325357423 0.95942352745469
1463226933.98859 0.149800626734856 0.114832062502268 0.842569175233865 0.0606338189932733 0.271546695449226 0.0618270958783268 0.95852143554547
1463226934.1366 0.251973166322587 0.109633617447437  0.83187448611456 0.0790445738049194 0.267864304250652 0.0604611352381679 0.958303251056796
1463226934.27328 0.343803373742751 0.107274905712784 0.827026000815858 0.0738540231833402 0.246864738715623 0.0508945947757409 0.964890213579304
1463226934.41554   0.4336131849953 0.104252285268764 0.828197564126865 0.0694227977689787 0.235977325554541 0.0543844097968981 0.967748682740047
1463226934.55773 0.525985495013639 0.107705911388591 0.839165613539387 0.079718843901053 0.24212271597184 0.0648320056619257 0.964789255422836
1463226934.69985  0.61814339012129 0.115136852642285 0.862049955221021 0.0970658668448622 0.246818961619869 0.0598573235295928 0.962328280005539
1463226934.84224 0.704051920949517 0.126690991074206 0.887234884518514 0.0920159738565733 0.256165531804915 0.0417904923279545 0.961335443859904
1463226934.98462 0.786278099850231 0.129785427945708  0.90881046345307 0.0911031519998513 0.259650121763725 0.0386788870183218 0.960617496021595
1463226935.12684 0.862539111889935 0.132884652122853 0.923039817609626 0.0902660922443791 0.267520111472635 0.0498433287750363 0.958019136095528
1463226935.31633  0.95254277395905  0.14496165343749 0.943896196825173 0.0954730693895972 0.264009529214219 0.0458279621140816 0.958688510097981
1463226935.45874   1.0207709038549 0.157308861752642 0.958855933831821 0.101941231279051 0.27448951075851 0.0417019223054283 0.955261452967143
1463226935.60181  1.08045904232301 0.165972747611861 0.975689508636696 0.107736394973189 0.277322218204148 0.00825314057440185 0.954681696776036
1463226935.84184  1.15679363114499 0.186361640259805 0.998094770880086 0.0942213434498182 0.274019683193702 -0.00985804233680503 0.957046691996906
1463226936.12278  1.20494668451387 0.224221710916271  1.02322297924931 0.0783853289548835 0.276748994622314 -0.00261038400731192 0.95773635206956
1463226936.54926  1.18760752118008 0.274881225110121  1.05376548397741 0.0481799830633494 0.271116727738962 -0.0260019318027833 0.960988193847696
1463226936.83375  1.13711477700189 0.299450396605264  1.08098063091015 0.0252510300731674 0.263692295470728 -0.0366311777498618 0.963580259037243
1463226937.07132  1.07834283610493 0.313910277459845  1.10744810087501 0.000342815148194575 0.260544862647066 -0.0366657759778182 0.964765193141803
1463226937.30807  1.01285288829247 0.318133114999965  1.13612766454358 -0.0154072384445456 0.259936830620035 -0.0318491724003522 0.964977249114266
1463226937.54509 0.947226509085066 0.313364300886258  1.16567615640369 -0.0139497761955002 0.252549955249044 -0.0119033384518828 0.967410065267827
1463226937.73535 0.892705837577142 0.307477887829534  1.18868622199614 -0.0140172797840182 0.232199851952454 -0.0145821598245206 0.972457765270846
1463226937.92455 0.837817412483982 0.303463246891842  1.21034137709473 -0.0198451074871638 0.223567042500988 -0.0232308165363323 0.974209565945254
1463226938.11412 0.779615713898042 0.298213270203082  1.23234727216375 -0.0252150315495588 0.228657566342015 -0.0164732789907852 0.973040878184362
1463226938.3037 0.718100032341097 0.289911879185182  1.24914795209888 -0.043310265791323 0.225652002817706 -0.000886881918467947 0.973244372160407
1463226938.44673 0.673168103484445 0.282156083528324  1.26233768849464 -0.0500690275285135 0.215407302620447 0.00406546697726904 0.975231387127378
1463226938.63616 0.615777471860402 0.268696122229553  1.28308316832723 -0.0448810810758125 0.206004279512911 0.00830619346710737 0.977486026771698
1463226938.82647 0.562396103021627  0.25533239621036  1.31080308146759 -0.0477088573141979 0.197334494355455 0.00878774884725028 0.979135198908429
1463226938.96764 0.522877220057349 0.243134127314774  1.33782675137408 -0.0576310705988485 0.193096506048152 0.0146203388821503 0.97937666132321
1463226939.10989 0.485831815745846 0.226472413082664  1.36514872782407 -0.0704348238342468 0.198513326082956 0.0261608233068717 0.977213899963988
1463226939.30212 0.445800817174535  0.19898388576708  1.40296313787815 -0.078864132351569 0.203678183952239 0.0334559861119427 0.975282699017895
1463226939.48926 0.416240978686982 0.169284288367343  1.43426017436836 -0.0821296263262237 0.210063707682371 0.0415041091654165 0.973347508404185
1463226939.67909 0.404335476606256 0.139725778438016  1.45631536174365 -0.0952484811104245 0.21283986526821 0.0679189844806442 0.970058725101674
1463226939.96359  0.415988432210615 0.0936638993293468    1.4676038673101 -0.102361109454248 0.216678777636329 0.100227078930831 0.965674398149974
1463226940.1533  0.447684872431168 0.0624527102636828   1.46319189585188 -0.0901113631646869 0.234361684417841 0.130330314408893 0.959149911250329
1463226940.34349  0.494835853159548 0.0348207830418017   1.44730082558556 -0.0701212720552858 0.247024565509359 0.1490935456297 0.954899463761408
1463226940.48777  0.538377865280988 0.0203967175871484    1.4298731425504 -0.0465189769347449 0.246919200455721 0.148292729061035 0.956491588953548
1463226940.62737 0.588276297099029 0.016138962753486  1.40925065178716 -0.0273498558309496 0.253421261710015 0.141949545601504 0.956493583879608
1463226940.76982  0.634487634685436 0.0181947951586806    1.3914676248403 -0.00409752930271977 0.246926078213311 0.122035556134901 0.961310587266495
1463226940.91372  0.676174146456694 0.0333590572807354   1.37625437665637 -0.00754794916125663 0.234263250177181 0.105441591348862 0.966408727658076
1463226941.05421  0.719317648662374 0.0580443438701762   1.36435980788486 -0.0106094527831947 0.23597502968482 0.0938841456739784 0.967155102384285
1463226941.24373  0.775342032180589 0.0952723084611821   1.35606631309501 -0.0154940974142387 0.24603968191231 0.0887311567217467 0.965065381047641
1463226941.38619 0.815809744196561 0.120269467131579  1.35577156724553 -0.00604959547763647 0.250869002369974 0.0639467934570159 0.965887650635941
1463226941.52832 0.855745588718118 0.143875672567368  1.36145782291339 -0.00492049249677889 0.244967287512308 0.0394032028425726 0.968717814643768
1463226941.71835 0.903581172851885 0.172043198782656   1.3794226611709 -0.00174858689745246 0.238483483034413 0.0271562001821697 0.970765219584686
1463226941.90784 0.945631092590617 0.192667715997313  1.39938748209383 0.00230630291838654 0.232115797741905 0.0237794992559319 0.972394710403458
1463226942.09733 0.985419740142548 0.214190804066218  1.41624670177587 0.00908597822643859 0.239168105198607 0.0262428346160772 0.970580947724964
1463226942.28706   1.0177347424668 0.237925177588904  1.43320885685884 0.00537999166026432 0.234537315077988 0.0222487901101979 0.9718375866699
1463226942.47678  1.03206791360016 0.265088534128052  1.45201556431309 0.00194838248041023 0.217395233668871 0.0102672329464264 0.9760277148275
1463226942.66639  1.01982925851013 0.299800837473721  1.47063500270811 -0.014652857472842 0.193004557092501 -0.000609677442746204 0.981088254441375
1463226942.80859 0.999903095818094 0.324617524752644  1.48694456051465 -0.0269639949807508 0.186987246954835 -0.002187595789571 0.981989779415036
1463226942.95111 0.976214011330838 0.342448859360867  1.50827165137843 -0.0275340954095695 0.188166091883268 -0.00695849463859037 0.981726527505353
1463226943.09511 0.946943635355959  0.35289169086308  1.53051843340905 -0.0273823998319702 0.182723121263124 -0.0106122108915491 0.982725722730049
1463226943.23549 0.918287148044261 0.354773079545255  1.54810912277805 -0.0208554740627176 0.199399293257629 -0.0107517336137429 0.979637367230485
1463226943.38034 0.882141916129171   0.3543133732422  1.56012264053552 -0.0236624766871394 0.20503627363799 -0.00446524922555653 0.978458111131504
1463226943.47266 0.853161768206216 0.349147954288439  1.56485840181896 -0.0241639865323613 0.207895299880467 0.000776728605434608 0.977852260177962
1463226943.6148 0.811089532426146 0.333739065697658  1.56924075220878 -0.0217706369484317 0.217181724581648 0.0101241030653922 0.975835867557512
1463226943.7571 0.773558836133899  0.31645821958819  1.56914502610796 -0.0251327202652864 0.221985932646973 0.00936784681291963 0.97468088907345
1463226943.94665 0.734057987258986 0.291671059220687   1.5579471034538 -0.0543361778882161 0.220975584616768 0.0158663681606601 0.973635264941224
1463226944.13628 0.710006030936337 0.261158507283535  1.53127303573989 -0.0788949533635811 0.223659592173503 0.0427576885209979 0.970527564386959
1463226944.32599 0.702499052773924 0.234325445519079  1.48579915301424 -0.0787861556596714 0.225350683907045 0.0654617997881387 0.968877992168
1463226944.51806   0.6984767310787 0.218830328167132   1.4211582209347 -0.0656981708647892 0.217907906758845 0.0576177345195864 0.972049428365569
1463226944.65793 0.692783316053945 0.212262132027982  1.36138369098862 -0.0537402983177063 0.206724714082246 0.0546844740242221 0.975390425022222
1463226944.84812 0.676306688641168 0.214200211002005  1.28432554550518 -0.0574958328587292 0.189811097810612 0.0549914169066161 0.97859180479831
1463226945.03753 0.648739723234674 0.222805268425465  1.21900757047482 -0.0686240479014892 0.169830086049293 0.0420366564537514 0.982181959433329
1463226945.27512 0.605762557677083 0.236024689808473  1.14347564177121 -0.0769801337550799 0.169392003729449 0.0269622801468094 0.982167726780338
1463226945.5115 0.56126109639364 0.24861944589779 1.07087397998421 -0.0786850520461193 0.172779587685945 0.0354550964242147 0.981172162671324
1463226945.79595 0.540245971435828 0.261033282013393   1.0045391547989 -0.087875202666018 0.159388399187038 0.0357774609193546 0.982646050341202
1463226946.12834 0.605295370634695 0.290285712255161 0.990992103022923 -0.107076000115435 0.155827473802963 0.015352094388155 0.981843593351489
1463226946.36516 0.683519115697368 0.299280198477643  1.00940067011073 -0.111775761116624 0.163750657667677 0.00877910605573462 0.980109600318793
1463226946.50728 0.738900028115243 0.301225567106937   1.0268233850219 -0.108170140579062 0.156738784673412 0.0102979171094796 0.981644603188656
1463226946.65236 0.797390443877663 0.299596557354467  1.04693507115876 -0.106869212490762 0.14588029812847 0.00344864203102108 0.983506998911393
1463226946.79185 0.854155207777029 0.298006574396263  1.06712391729475 -0.106631576568604 0.13192374232229 -0.00360796870935617 0.985501301699784
1463226946.93708 0.903672479510556 0.296134444446735  1.08670928768665 -0.11248452980218 0.118162103558966 -0.00950441184013557 0.986556949189085
1463226947.07625  0.94743823089778 0.290392079040348  1.10958742220062 -0.114856481030655 0.110453573630514 -0.00355224477836538 0.987215973530888
1463226947.21864 0.988473791920056 0.280672519261004  1.14169674774654 -0.10984889338617 0.106853300040765 -0.00320572856847494 0.988182835408801
1463226947.3608  1.02568304082621 0.268233322226454  1.18611238360657 -0.117228597743723 0.0928903994476619 -0.0177271143074907 0.988592220776506
1463226947.50327  1.05972258278086 0.251734942913415  1.23670038504426 -0.118219982282182 0.0864566886723266 -0.0278994527091671 0.988822985832927
1463226947.64529  1.08475442638444 0.237593396011005  1.28528166093335 -0.131381822811263 0.0725428650443329 -0.0355933915218593 0.988033126897029
1463226947.79239  1.10524701735649 0.225045824479378  1.32966391310665 -0.127634639778595 0.0667568863754149 -0.0362252959844758 0.988908815200312
1463226947.9299  1.11969605205764 0.214793873137484  1.36663219947811 -0.126994103143696 0.0680766448545358 -0.0361779800655003 0.988903039711406
1463226948.11981   1.1287113136796 0.203445996653599  1.40371402113483 -0.13066666790093 0.0975493244413862 -0.0202172702471833 0.98640844135908
1463226948.26179  1.12234330056442 0.197280448443883  1.42886767667757 -0.134471491375783 0.135147556430021 0.00264491331275264 0.98165450155935
1463226948.40412  1.10137570453092 0.188574604947682  1.45406405608121 -0.129792572582651 0.17008524618278 0.015749967201221 0.976717377579861
1463226948.54799  1.06618918073624 0.180418009060777  1.47653512696606 -0.126432528282477 0.193949292447175 0.0319098208394042 0.972306665144973
1463226948.64132  1.03929162074244 0.172881831184151  1.48860259122035 -0.12161825376395 0.214285708942122 0.0344594979408486 0.968557266400002
1463226948.73671  1.01161192543763 0.164895346750166  1.49848280726375 -0.116599636332334 0.241329917079118 0.0429484329580502 0.96245510442628
1463226948.83127 0.980655564370442 0.155680052780831  1.50490376512678 -0.10887156178386 0.257950654890432 0.0509545731461956 0.95865117438609
1463226948.92571 0.947545643306913 0.147737560698446   1.5047024465116 -0.11071955484291 0.267292981999029 0.0597853118398747 0.955364516003009
1463226949.06803 0.905442933501464 0.136778795385449  1.49927785141981 -0.105153210774794 0.286742394321824 0.0943348535491954 0.947534979284771
1463226949.2103 0.865382759311444 0.113829248752777  1.49901978078307 -0.0940707764393136 0.307065095419691 0.110588343692545 0.940548741126338
1463226949.40002 0.818472023996663 0.099783877840795  1.49958324412072 -0.0778817470753999 0.299412819166306 0.11589371722446 0.94385117656295
1463226949.5896 0.768682090241777 0.102365553614346  1.50117165202651 -0.0765854263248862 0.294227875204445 0.109966719719114 0.946293797127261
1463226949.78175 0.713339366421834 0.114972955049329  1.49062022702767 -0.0781993877623211 0.29636899414845 0.101604078506257 0.946428489793037
1463226949.97181 0.657822541128068 0.135316048257778  1.47343931965153 -0.0803406125745148 0.296067024588068 0.10970344817753 0.945438975492697
